USE poster_competition;

-- Roles
INSERT INTO role (role_id, role_name, role_desc) VALUES (1,'管理员','系统管理员');
INSERT INTO role (role_id, role_name, role_desc) VALUES (2,'评委','竞赛评委');
INSERT INTO role (role_id, role_name, role_desc) VALUES (3,'队员','参赛队员');
INSERT INTO role (role_id, role_name, role_desc) VALUES (4,'队长','参赛队长');

-- Admin (id=1)
INSERT INTO user (user_id,username,password,real_name,email,phone,status) VALUES (1,'admin','6280bb198be5fc4fd75283ed1bd2d824','系统管理员','admin@poster.cn','13800000001',1);
INSERT INTO user_role (user_id,role_id) VALUES (1,1);

-- Judges (12)
INSERT INTO user (user_id,username,password,real_name,email,phone,status) VALUES (2,'judge1','6280bb198be5fc4fd75283ed1bd2d824','陈丹青','judge1@poster.cn','1390000002',1);
INSERT INTO user_role (user_id,role_id) VALUES (2,2);
INSERT INTO user (user_id,username,password,real_name,email,phone,status) VALUES (3,'judge2','6280bb198be5fc4fd75283ed1bd2d824','刘小东','judge2@poster.cn','1390000003',1);
INSERT INTO user_role (user_id,role_id) VALUES (3,2);
INSERT INTO user (user_id,username,password,real_name,email,phone,status) VALUES (4,'judge3','6280bb198be5fc4fd75283ed1bd2d824','张晓刚','judge3@poster.cn','1390000004',1);
INSERT INTO user_role (user_id,role_id) VALUES (4,2);
INSERT INTO user (user_id,username,password,real_name,email,phone,status) VALUES (5,'judge4','6280bb198be5fc4fd75283ed1bd2d824','方力钧','judge4@poster.cn','1390000005',1);
INSERT INTO user_role (user_id,role_id) VALUES (5,2);
INSERT INTO user (user_id,username,password,real_name,email,phone,status) VALUES (6,'judge5','6280bb198be5fc4fd75283ed1bd2d824','岳敏君','judge5@poster.cn','1390000006',1);
INSERT INTO user_role (user_id,role_id) VALUES (6,2);
INSERT INTO user (user_id,username,password,real_name,email,phone,status) VALUES (7,'judge6','6280bb198be5fc4fd75283ed1bd2d824','徐冰','judge6@poster.cn','1390000007',1);
INSERT INTO user_role (user_id,role_id) VALUES (7,2);
INSERT INTO user (user_id,username,password,real_name,email,phone,status) VALUES (8,'judge7','6280bb198be5fc4fd75283ed1bd2d824','蔡国强','judge7@poster.cn','1390000008',1);
INSERT INTO user_role (user_id,role_id) VALUES (8,2);
INSERT INTO user (user_id,username,password,real_name,email,phone,status) VALUES (9,'judge8','6280bb198be5fc4fd75283ed1bd2d824','曾梵志','judge8@poster.cn','1390000009',1);
INSERT INTO user_role (user_id,role_id) VALUES (9,2);
INSERT INTO user (user_id,username,password,real_name,email,phone,status) VALUES (10,'judge9','6280bb198be5fc4fd75283ed1bd2d824','王广义','judge9@poster.cn','1390000010',1);
INSERT INTO user_role (user_id,role_id) VALUES (10,2);
INSERT INTO user (user_id,username,password,real_name,email,phone,status) VALUES (11,'judge10','6280bb198be5fc4fd75283ed1bd2d824','周春芽','judge10@poster.cn','1390000011',1);
INSERT INTO user_role (user_id,role_id) VALUES (11,2);
INSERT INTO user (user_id,username,password,real_name,email,phone,status) VALUES (12,'judge11','6280bb198be5fc4fd75283ed1bd2d824','冷军','judge11@poster.cn','1390000012',1);
INSERT INTO user_role (user_id,role_id) VALUES (12,2);
INSERT INTO user (user_id,username,password,real_name,email,phone,status) VALUES (13,'judge12','6280bb198be5fc4fd75283ed1bd2d824','何多苓','judge12@poster.cn','1390000013',1);
INSERT INTO user_role (user_id,role_id) VALUES (13,2);

-- === All competitions (status=1, 报名中) ===
-- 第6届创意无限海报设计大赛  (32 teams)
INSERT INTO competition (competition_id,year,name,theme,description,submit_deadline,max_team_size,status,creator_id,create_time) VALUES (1,2025,'第6届创意无限海报设计大赛','青春飞扬——以青春活力为主题，展现当代大学生朝气蓬勃的精神风貌','以青春活力为主题，展现当代大学生朝气蓬勃的精神风貌','2026-11-15 23:59:59',5,1,1,'2026-07-14 10:00:00');
INSERT INTO competition_category (category_id,competition_id,category_name,category_desc) VALUES (1,1,'平面海报','以平面设计为主的海报作品');
INSERT INTO competition_category (category_id,competition_id,category_name,category_desc) VALUES (2,1,'数字插画','以数字绘画为主的插画作品');
INSERT INTO user (user_id,username,password,real_name,email,phone,status) VALUES (14,'player14','6280bb198be5fc4fd75283ed1bd2d824','汪俊','player14@poster.cn','13800000014',1);
INSERT INTO user_role (user_id,role_id) VALUES (14,3);
INSERT INTO user_role (user_id,role_id) VALUES (14,4);
INSERT INTO user (user_id,username,password,real_name,email,phone,status) VALUES (15,'player15','6280bb198be5fc4fd75283ed1bd2d824','龚飞','player15@poster.cn','13800000015',1);
INSERT INTO user_role (user_id,role_id) VALUES (15,3);
INSERT INTO user_role (user_id,role_id) VALUES (15,4);
INSERT INTO user (user_id,username,password,real_name,email,phone,status) VALUES (16,'player16','6280bb198be5fc4fd75283ed1bd2d824','钟飞','player16@poster.cn','13800000016',1);
INSERT INTO user_role (user_id,role_id) VALUES (16,3);
INSERT INTO user_role (user_id,role_id) VALUES (16,4);
INSERT INTO team (team_id,team_name,competition_id,category_id,leader_id,team_desc,status,create_time) VALUES (1,'星辰烈焰团',1,2,14,'一支充满创意与激情的设计团队',2,'2026-01-10 10:00:00');
INSERT INTO team_member (team_id,user_id,is_leader,join_time) VALUES (1,14,1,'2026-01-10 10:00:00');
INSERT INTO team_member (team_id,user_id,is_leader,join_time) VALUES (1,15,0,'2026-01-10 10:00:00');
INSERT INTO team_member (team_id,user_id,is_leader,join_time) VALUES (1,16,0,'2026-01-10 10:00:00');
INSERT INTO user (user_id,username,password,real_name,email,phone,status) VALUES (17,'player17','6280bb198be5fc4fd75283ed1bd2d824','萧宇','player17@poster.cn','13800000017',1);
INSERT INTO user_role (user_id,role_id) VALUES (17,3);
INSERT INTO user_role (user_id,role_id) VALUES (17,4);
INSERT INTO user (user_id,username,password,real_name,email,phone,status) VALUES (18,'player18','6280bb198be5fc4fd75283ed1bd2d824','程天佑','player18@poster.cn','13800000018',1);
INSERT INTO user_role (user_id,role_id) VALUES (18,3);
INSERT INTO user_role (user_id,role_id) VALUES (18,4);
INSERT INTO user (user_id,username,password,real_name,email,phone,status) VALUES (19,'player19','6280bb198be5fc4fd75283ed1bd2d824','史鹏','player19@poster.cn','13800000019',1);
INSERT INTO user_role (user_id,role_id) VALUES (19,3);
INSERT INTO user_role (user_id,role_id) VALUES (19,4);
INSERT INTO user (user_id,username,password,real_name,email,phone,status) VALUES (20,'player20','6280bb198be5fc4fd75283ed1bd2d824','陆斌','player20@poster.cn','13800000020',1);
INSERT INTO user_role (user_id,role_id) VALUES (20,3);
INSERT INTO user_role (user_id,role_id) VALUES (20,4);
INSERT INTO team (team_id,team_name,competition_id,category_id,leader_id,team_desc,status,create_time) VALUES (2,'极光墨韵组',1,1,17,'一支充满创意与激情的设计团队',2,'2026-02-17 10:00:00');
INSERT INTO team_member (team_id,user_id,is_leader,join_time) VALUES (2,17,1,'2026-02-17 10:00:00');
INSERT INTO team_member (team_id,user_id,is_leader,join_time) VALUES (2,18,0,'2026-02-17 10:00:00');
INSERT INTO team_member (team_id,user_id,is_leader,join_time) VALUES (2,19,0,'2026-02-17 10:00:00');
INSERT INTO team_member (team_id,user_id,is_leader,join_time) VALUES (2,20,0,'2026-02-17 10:00:00');
INSERT INTO user (user_id,username,password,real_name,email,phone,status) VALUES (21,'player21','6280bb198be5fc4fd75283ed1bd2d824','顾晓红','player21@poster.cn','13800000021',1);
INSERT INTO user_role (user_id,role_id) VALUES (21,3);
INSERT INTO user_role (user_id,role_id) VALUES (21,4);
INSERT INTO user (user_id,username,password,real_name,email,phone,status) VALUES (22,'player22','6280bb198be5fc4fd75283ed1bd2d824','叶志强','player22@poster.cn','13800000022',1);
INSERT INTO user_role (user_id,role_id) VALUES (22,3);
INSERT INTO user_role (user_id,role_id) VALUES (22,4);
INSERT INTO user (user_id,username,password,real_name,email,phone,status) VALUES (23,'player23','6280bb198be5fc4fd75283ed1bd2d824','蒋欣怡','player23@poster.cn','13800000023',1);
INSERT INTO user_role (user_id,role_id) VALUES (23,3);
INSERT INTO user_role (user_id,role_id) VALUES (23,4);
INSERT INTO user (user_id,username,password,real_name,email,phone,status) VALUES (24,'player24','6280bb198be5fc4fd75283ed1bd2d824','孟明','player24@poster.cn','13800000024',1);
INSERT INTO user_role (user_id,role_id) VALUES (24,3);
INSERT INTO user_role (user_id,role_id) VALUES (24,4);
INSERT INTO user (user_id,username,password,real_name,email,phone,status) VALUES (25,'player25','6280bb198be5fc4fd75283ed1bd2d824','史丽','player25@poster.cn','13800000025',1);
INSERT INTO user_role (user_id,role_id) VALUES (25,3);
INSERT INTO user_role (user_id,role_id) VALUES (25,4);
INSERT INTO team (team_id,team_name,competition_id,category_id,leader_id,team_desc,status,create_time) VALUES (3,'逐梦光影组',1,1,21,'一支充满创意与激情的设计团队',2,'2026-02-06 10:00:00');
INSERT INTO team_member (team_id,user_id,is_leader,join_time) VALUES (3,21,1,'2026-02-06 10:00:00');
INSERT INTO team_member (team_id,user_id,is_leader,join_time) VALUES (3,22,0,'2026-02-06 10:00:00');
INSERT INTO team_member (team_id,user_id,is_leader,join_time) VALUES (3,23,0,'2026-02-06 10:00:00');
INSERT INTO team_member (team_id,user_id,is_leader,join_time) VALUES (3,24,0,'2026-02-06 10:00:00');
INSERT INTO team_member (team_id,user_id,is_leader,join_time) VALUES (3,25,0,'2026-02-06 10:00:00');
INSERT INTO user (user_id,username,password,real_name,email,phone,status) VALUES (26,'player26','6280bb198be5fc4fd75283ed1bd2d824','邓俊杰','player26@poster.cn','13800000026',1);
INSERT INTO user_role (user_id,role_id) VALUES (26,3);
INSERT INTO user_role (user_id,role_id) VALUES (26,4);
INSERT INTO user (user_id,username,password,real_name,email,phone,status) VALUES (27,'player27','6280bb198be5fc4fd75283ed1bd2d824','吴秀兰','player27@poster.cn','13800000027',1);
INSERT INTO user_role (user_id,role_id) VALUES (27,3);
INSERT INTO user_role (user_id,role_id) VALUES (27,4);
INSERT INTO user (user_id,username,password,real_name,email,phone,status) VALUES (28,'player28','6280bb198be5fc4fd75283ed1bd2d824','杜辉','player28@poster.cn','13800000028',1);
INSERT INTO user_role (user_id,role_id) VALUES (28,3);
INSERT INTO user_role (user_id,role_id) VALUES (28,4);
INSERT INTO user (user_id,username,password,real_name,email,phone,status) VALUES (29,'player29','6280bb198be5fc4fd75283ed1bd2d824','常健','player29@poster.cn','13800000029',1);
INSERT INTO user_role (user_id,role_id) VALUES (29,3);
INSERT INTO user_role (user_id,role_id) VALUES (29,4);
INSERT INTO team (team_id,team_name,competition_id,category_id,leader_id,team_desc,status,create_time) VALUES (4,'凌云拾光设计局',1,1,26,'一支充满创意与激情的设计团队',2,'2026-06-08 10:00:00');
INSERT INTO team_member (team_id,user_id,is_leader,join_time) VALUES (4,26,1,'2026-06-08 10:00:00');
INSERT INTO team_member (team_id,user_id,is_leader,join_time) VALUES (4,27,0,'2026-06-08 10:00:00');
INSERT INTO team_member (team_id,user_id,is_leader,join_time) VALUES (4,28,0,'2026-06-08 10:00:00');
INSERT INTO team_member (team_id,user_id,is_leader,join_time) VALUES (4,29,0,'2026-06-08 10:00:00');
INSERT INTO user (user_id,username,password,real_name,email,phone,status) VALUES (30,'player30','6280bb198be5fc4fd75283ed1bd2d824','任强','player30@poster.cn','13800000030',1);
INSERT INTO user_role (user_id,role_id) VALUES (30,3);
INSERT INTO user_role (user_id,role_id) VALUES (30,4);
INSERT INTO user (user_id,username,password,real_name,email,phone,status) VALUES (31,'player31','6280bb198be5fc4fd75283ed1bd2d824','胡诗涵','player31@poster.cn','13800000031',1);
INSERT INTO user_role (user_id,role_id) VALUES (31,3);
INSERT INTO user_role (user_id,role_id) VALUES (31,4);
INSERT INTO user (user_id,username,password,real_name,email,phone,status) VALUES (32,'player32','6280bb198be5fc4fd75283ed1bd2d824','胡霞','player32@poster.cn','13800000032',1);
INSERT INTO user_role (user_id,role_id) VALUES (32,3);
INSERT INTO user_role (user_id,role_id) VALUES (32,4);
INSERT INTO user (user_id,username,password,real_name,email,phone,status) VALUES (33,'player33','6280bb198be5fc4fd75283ed1bd2d824','毛明哲','player33@poster.cn','13800000033',1);
INSERT INTO user_role (user_id,role_id) VALUES (33,3);
INSERT INTO user_role (user_id,role_id) VALUES (33,4);
INSERT INTO user (user_id,username,password,real_name,email,phone,status) VALUES (34,'player34','6280bb198be5fc4fd75283ed1bd2d824','何海燕','player34@poster.cn','13800000034',1);
INSERT INTO user_role (user_id,role_id) VALUES (34,3);
INSERT INTO user_role (user_id,role_id) VALUES (34,4);
INSERT INTO team (team_id,team_name,competition_id,category_id,leader_id,team_desc,status,create_time) VALUES (5,'曙光青橙组',1,1,30,'一支充满创意与激情的设计团队',2,'2026-02-15 10:00:00');
INSERT INTO team_member (team_id,user_id,is_leader,join_time) VALUES (5,30,1,'2026-02-15 10:00:00');
INSERT INTO team_member (team_id,user_id,is_leader,join_time) VALUES (5,31,0,'2026-02-15 10:00:00');
INSERT INTO team_member (team_id,user_id,is_leader,join_time) VALUES (5,32,0,'2026-02-15 10:00:00');
INSERT INTO team_member (team_id,user_id,is_leader,join_time) VALUES (5,33,0,'2026-02-15 10:00:00');
INSERT INTO team_member (team_id,user_id,is_leader,join_time) VALUES (5,34,0,'2026-02-15 10:00:00');
INSERT INTO user (user_id,username,password,real_name,email,phone,status) VALUES (35,'player35','6280bb198be5fc4fd75283ed1bd2d824','姚斌','player35@poster.cn','13800000035',1);
INSERT INTO user_role (user_id,role_id) VALUES (35,3);
INSERT INTO user_role (user_id,role_id) VALUES (35,4);
INSERT INTO user (user_id,username,password,real_name,email,phone,status) VALUES (36,'player36','6280bb198be5fc4fd75283ed1bd2d824','阎辉','player36@poster.cn','13800000036',1);
INSERT INTO user_role (user_id,role_id) VALUES (36,3);
INSERT INTO user_role (user_id,role_id) VALUES (36,4);
INSERT INTO user (user_id,username,password,real_name,email,phone,status) VALUES (37,'player37','6280bb198be5fc4fd75283ed1bd2d824','尹敏','player37@poster.cn','13800000037',1);
INSERT INTO user_role (user_id,role_id) VALUES (37,3);
INSERT INTO user_role (user_id,role_id) VALUES (37,4);
INSERT INTO user (user_id,username,password,real_name,email,phone,status) VALUES (38,'player38','6280bb198be5fc4fd75283ed1bd2d824','贺秀兰','player38@poster.cn','13800000038',1);
INSERT INTO user_role (user_id,role_id) VALUES (38,3);
INSERT INTO user_role (user_id,role_id) VALUES (38,4);
INSERT INTO team (team_id,team_name,competition_id,category_id,leader_id,team_desc,status,create_time) VALUES (6,'烈焰像素团',1,2,35,'一支充满创意与激情的设计团队',2,'2026-06-01 10:00:00');
INSERT INTO team_member (team_id,user_id,is_leader,join_time) VALUES (6,35,1,'2026-06-01 10:00:00');
INSERT INTO team_member (team_id,user_id,is_leader,join_time) VALUES (6,36,0,'2026-06-01 10:00:00');
INSERT INTO team_member (team_id,user_id,is_leader,join_time) VALUES (6,37,0,'2026-06-01 10:00:00');
INSERT INTO team_member (team_id,user_id,is_leader,join_time) VALUES (6,38,0,'2026-06-01 10:00:00');
INSERT INTO user (user_id,username,password,real_name,email,phone,status) VALUES (39,'player39','6280bb198be5fc4fd75283ed1bd2d824','杨志强','player39@poster.cn','13800000039',1);
INSERT INTO user_role (user_id,role_id) VALUES (39,3);
INSERT INTO user_role (user_id,role_id) VALUES (39,4);
INSERT INTO user (user_id,username,password,real_name,email,phone,status) VALUES (40,'player40','6280bb198be5fc4fd75283ed1bd2d824','萧雪','player40@poster.cn','13800000040',1);
INSERT INTO user_role (user_id,role_id) VALUES (40,3);
INSERT INTO user_role (user_id,role_id) VALUES (40,4);
INSERT INTO user (user_id,username,password,real_name,email,phone,status) VALUES (41,'player41','6280bb198be5fc4fd75283ed1bd2d824','崔静','player41@poster.cn','13800000041',1);
INSERT INTO user_role (user_id,role_id) VALUES (41,3);
INSERT INTO user_role (user_id,role_id) VALUES (41,4);
INSERT INTO user (user_id,username,password,real_name,email,phone,status) VALUES (42,'player42','6280bb198be5fc4fd75283ed1bd2d824','汤睿','player42@poster.cn','13800000042',1);
INSERT INTO user_role (user_id,role_id) VALUES (42,3);
INSERT INTO user_role (user_id,role_id) VALUES (42,4);
INSERT INTO team (team_id,team_name,competition_id,category_id,leader_id,team_desc,status,create_time) VALUES (7,'墨韵创视团',1,2,39,'一支充满创意与激情的设计团队',2,'2026-06-18 10:00:00');
INSERT INTO team_member (team_id,user_id,is_leader,join_time) VALUES (7,39,1,'2026-06-18 10:00:00');
INSERT INTO team_member (team_id,user_id,is_leader,join_time) VALUES (7,40,0,'2026-06-18 10:00:00');
INSERT INTO team_member (team_id,user_id,is_leader,join_time) VALUES (7,41,0,'2026-06-18 10:00:00');
INSERT INTO team_member (team_id,user_id,is_leader,join_time) VALUES (7,42,0,'2026-06-18 10:00:00');
INSERT INTO user (user_id,username,password,real_name,email,phone,status) VALUES (43,'player43','6280bb198be5fc4fd75283ed1bd2d824','卢宁','player43@poster.cn','13800000043',1);
INSERT INTO user_role (user_id,role_id) VALUES (43,3);
INSERT INTO user_role (user_id,role_id) VALUES (43,4);
INSERT INTO user (user_id,username,password,real_name,email,phone,status) VALUES (44,'player44','6280bb198be5fc4fd75283ed1bd2d824','叶桂英','player44@poster.cn','13800000044',1);
INSERT INTO user_role (user_id,role_id) VALUES (44,3);
INSERT INTO user_role (user_id,role_id) VALUES (44,4);
INSERT INTO user (user_id,username,password,real_name,email,phone,status) VALUES (45,'player45','6280bb198be5fc4fd75283ed1bd2d824','郝雨桐','player45@poster.cn','13800000045',1);
INSERT INTO user_role (user_id,role_id) VALUES (45,3);
INSERT INTO user_role (user_id,role_id) VALUES (45,4);
INSERT INTO user (user_id,username,password,real_name,email,phone,status) VALUES (46,'player46','6280bb198be5fc4fd75283ed1bd2d824','贾明哲','player46@poster.cn','13800000046',1);
INSERT INTO user_role (user_id,role_id) VALUES (46,3);
INSERT INTO user_role (user_id,role_id) VALUES (46,4);
INSERT INTO team (team_id,team_name,competition_id,category_id,leader_id,team_desc,status,create_time) VALUES (8,'光影视界团',1,1,43,'一支充满创意与激情的设计团队',2,'2026-05-10 10:00:00');
INSERT INTO team_member (team_id,user_id,is_leader,join_time) VALUES (8,43,1,'2026-05-10 10:00:00');
INSERT INTO team_member (team_id,user_id,is_leader,join_time) VALUES (8,44,0,'2026-05-10 10:00:00');
INSERT INTO team_member (team_id,user_id,is_leader,join_time) VALUES (8,45,0,'2026-05-10 10:00:00');
INSERT INTO team_member (team_id,user_id,is_leader,join_time) VALUES (8,46,0,'2026-05-10 10:00:00');
INSERT INTO user (user_id,username,password,real_name,email,phone,status) VALUES (47,'player47','6280bb198be5fc4fd75283ed1bd2d824','金玉兰','player47@poster.cn','13800000047',1);
INSERT INTO user_role (user_id,role_id) VALUES (47,3);
INSERT INTO user_role (user_id,role_id) VALUES (47,4);
INSERT INTO user (user_id,username,password,real_name,email,phone,status) VALUES (48,'player48','6280bb198be5fc4fd75283ed1bd2d824','罗秀英','player48@poster.cn','13800000048',1);
INSERT INTO user_role (user_id,role_id) VALUES (48,3);
INSERT INTO user_role (user_id,role_id) VALUES (48,4);
INSERT INTO user (user_id,username,password,real_name,email,phone,status) VALUES (49,'player49','6280bb198be5fc4fd75283ed1bd2d824','龙晓红','player49@poster.cn','13800000049',1);
INSERT INTO user_role (user_id,role_id) VALUES (49,3);
INSERT INTO user_role (user_id,role_id) VALUES (49,4);
INSERT INTO user (user_id,username,password,real_name,email,phone,status) VALUES (50,'player50','6280bb198be5fc4fd75283ed1bd2d824','毛思颖','player50@poster.cn','13800000050',1);
INSERT INTO user_role (user_id,role_id) VALUES (50,3);
INSERT INTO user_role (user_id,role_id) VALUES (50,4);
INSERT INTO team (team_id,team_name,competition_id,category_id,leader_id,team_desc,status,create_time) VALUES (9,'拾光绘梦工坊',1,2,47,'一支充满创意与激情的设计团队',2,'2026-03-15 10:00:00');
INSERT INTO team_member (team_id,user_id,is_leader,join_time) VALUES (9,47,1,'2026-03-15 10:00:00');
INSERT INTO team_member (team_id,user_id,is_leader,join_time) VALUES (9,48,0,'2026-03-15 10:00:00');
INSERT INTO team_member (team_id,user_id,is_leader,join_time) VALUES (9,49,0,'2026-03-15 10:00:00');
INSERT INTO team_member (team_id,user_id,is_leader,join_time) VALUES (9,50,0,'2026-03-15 10:00:00');
INSERT INTO user (user_id,username,password,real_name,email,phone,status) VALUES (51,'player51','6280bb198be5fc4fd75283ed1bd2d824','沈逸飞','player51@poster.cn','13800000051',1);
INSERT INTO user_role (user_id,role_id) VALUES (51,3);
INSERT INTO user_role (user_id,role_id) VALUES (51,4);
INSERT INTO user (user_id,username,password,real_name,email,phone,status) VALUES (52,'player52','6280bb198be5fc4fd75283ed1bd2d824','许伟','player52@poster.cn','13800000052',1);
INSERT INTO user_role (user_id,role_id) VALUES (52,3);
INSERT INTO user_role (user_id,role_id) VALUES (52,4);
INSERT INTO user (user_id,username,password,real_name,email,phone,status) VALUES (53,'player53','6280bb198be5fc4fd75283ed1bd2d824','蔡海燕','player53@poster.cn','13800000053',1);
INSERT INTO user_role (user_id,role_id) VALUES (53,3);
INSERT INTO user_role (user_id,role_id) VALUES (53,4);
INSERT INTO team (team_id,team_name,competition_id,category_id,leader_id,team_desc,status,create_time) VALUES (10,'青橙笔尖工作室',1,2,51,'一支充满创意与激情的设计团队',2,'2026-04-04 10:00:00');
INSERT INTO team_member (team_id,user_id,is_leader,join_time) VALUES (10,51,1,'2026-04-04 10:00:00');
INSERT INTO team_member (team_id,user_id,is_leader,join_time) VALUES (10,52,0,'2026-04-04 10:00:00');
INSERT INTO team_member (team_id,user_id,is_leader,join_time) VALUES (10,53,0,'2026-04-04 10:00:00');
INSERT INTO user (user_id,username,password,real_name,email,phone,status) VALUES (54,'player54','6280bb198be5fc4fd75283ed1bd2d824','文琳','player54@poster.cn','13800000054',1);
INSERT INTO user_role (user_id,role_id) VALUES (54,3);
INSERT INTO user_role (user_id,role_id) VALUES (54,4);
INSERT INTO user (user_id,username,password,real_name,email,phone,status) VALUES (55,'player55','6280bb198be5fc4fd75283ed1bd2d824','周浩然','player55@poster.cn','13800000055',1);
INSERT INTO user_role (user_id,role_id) VALUES (55,3);
INSERT INTO user_role (user_id,role_id) VALUES (55,4);
INSERT INTO user (user_id,username,password,real_name,email,phone,status) VALUES (56,'player56','6280bb198be5fc4fd75283ed1bd2d824','廖刚','player56@poster.cn','13800000056',1);
INSERT INTO user_role (user_id,role_id) VALUES (56,3);
INSERT INTO user_role (user_id,role_id) VALUES (56,4);
INSERT INTO user (user_id,username,password,real_name,email,phone,status) VALUES (57,'player57','6280bb198be5fc4fd75283ed1bd2d824','韩晓萌','player57@poster.cn','13800000057',1);
INSERT INTO user_role (user_id,role_id) VALUES (57,3);
INSERT INTO user_role (user_id,role_id) VALUES (57,4);
INSERT INTO user (user_id,username,password,real_name,email,phone,status) VALUES (58,'player58','6280bb198be5fc4fd75283ed1bd2d824','马静','player58@poster.cn','13800000058',1);
INSERT INTO user_role (user_id,role_id) VALUES (58,3);
INSERT INTO user_role (user_id,role_id) VALUES (58,4);
INSERT INTO team (team_id,team_name,competition_id,category_id,leader_id,team_desc,status,create_time) VALUES (11,'像素灵感团',1,1,54,'一支充满创意与激情的设计团队',2,'2026-05-10 10:00:00');
INSERT INTO team_member (team_id,user_id,is_leader,join_time) VALUES (11,54,1,'2026-05-10 10:00:00');
INSERT INTO team_member (team_id,user_id,is_leader,join_time) VALUES (11,55,0,'2026-05-10 10:00:00');
INSERT INTO team_member (team_id,user_id,is_leader,join_time) VALUES (11,56,0,'2026-05-10 10:00:00');
INSERT INTO team_member (team_id,user_id,is_leader,join_time) VALUES (11,57,0,'2026-05-10 10:00:00');
INSERT INTO team_member (team_id,user_id,is_leader,join_time) VALUES (11,58,0,'2026-05-10 10:00:00');
INSERT INTO user (user_id,username,password,real_name,email,phone,status) VALUES (59,'player59','6280bb198be5fc4fd75283ed1bd2d824','任若曦','player59@poster.cn','13800000059',1);
INSERT INTO user_role (user_id,role_id) VALUES (59,3);
INSERT INTO user_role (user_id,role_id) VALUES (59,4);
INSERT INTO user (user_id,username,password,real_name,email,phone,status) VALUES (60,'player60','6280bb198be5fc4fd75283ed1bd2d824','范晨','player60@poster.cn','13800000060',1);
INSERT INTO user_role (user_id,role_id) VALUES (60,3);
INSERT INTO user_role (user_id,role_id) VALUES (60,4);
INSERT INTO user (user_id,username,password,real_name,email,phone,status) VALUES (61,'player61','6280bb198be5fc4fd75283ed1bd2d824','戴玉兰','player61@poster.cn','13800000061',1);
INSERT INTO user_role (user_id,role_id) VALUES (61,3);
INSERT INTO user_role (user_id,role_id) VALUES (61,4);
INSERT INTO user (user_id,username,password,real_name,email,phone,status) VALUES (62,'player62','6280bb198be5fc4fd75283ed1bd2d824','廖子涵','player62@poster.cn','13800000062',1);
INSERT INTO user_role (user_id,role_id) VALUES (62,3);
INSERT INTO user_role (user_id,role_id) VALUES (62,4);
INSERT INTO team (team_id,team_name,competition_id,category_id,leader_id,team_desc,status,create_time) VALUES (12,'创视火花队',1,2,59,'一支充满创意与激情的设计团队',2,'2026-06-13 10:00:00');
INSERT INTO team_member (team_id,user_id,is_leader,join_time) VALUES (12,59,1,'2026-06-13 10:00:00');
INSERT INTO team_member (team_id,user_id,is_leader,join_time) VALUES (12,60,0,'2026-06-13 10:00:00');
INSERT INTO team_member (team_id,user_id,is_leader,join_time) VALUES (12,61,0,'2026-06-13 10:00:00');
INSERT INTO team_member (team_id,user_id,is_leader,join_time) VALUES (12,62,0,'2026-06-13 10:00:00');
INSERT INTO user (user_id,username,password,real_name,email,phone,status) VALUES (63,'player63','6280bb198be5fc4fd75283ed1bd2d824','姚思远','player63@poster.cn','13800000063',1);
INSERT INTO user_role (user_id,role_id) VALUES (63,3);
INSERT INTO user_role (user_id,role_id) VALUES (63,4);
INSERT INTO user (user_id,username,password,real_name,email,phone,status) VALUES (64,'player64','6280bb198be5fc4fd75283ed1bd2d824','邵辉','player64@poster.cn','13800000064',1);
INSERT INTO user_role (user_id,role_id) VALUES (64,3);
INSERT INTO user_role (user_id,role_id) VALUES (64,4);
INSERT INTO user (user_id,username,password,real_name,email,phone,status) VALUES (65,'player65','6280bb198be5fc4fd75283ed1bd2d824','姜超','player65@poster.cn','13800000065',1);
INSERT INTO user_role (user_id,role_id) VALUES (65,3);
INSERT INTO user_role (user_id,role_id) VALUES (65,4);
INSERT INTO user (user_id,username,password,real_name,email,phone,status) VALUES (66,'player66','6280bb198be5fc4fd75283ed1bd2d824','董亮','player66@poster.cn','13800000066',1);
INSERT INTO user_role (user_id,role_id) VALUES (66,3);
INSERT INTO user_role (user_id,role_id) VALUES (66,4);
INSERT INTO user (user_id,username,password,real_name,email,phone,status) VALUES (67,'player67','6280bb198be5fc4fd75283ed1bd2d824','杜宇','player67@poster.cn','13800000067',1);
INSERT INTO user_role (user_id,role_id) VALUES (67,3);
INSERT INTO user_role (user_id,role_id) VALUES (67,4);
INSERT INTO team (team_id,team_name,competition_id,category_id,leader_id,team_desc,status,create_time) VALUES (13,'视界锋芒工坊',1,1,63,'一支充满创意与激情的设计团队',2,'2026-06-02 10:00:00');
INSERT INTO team_member (team_id,user_id,is_leader,join_time) VALUES (13,63,1,'2026-06-02 10:00:00');
INSERT INTO team_member (team_id,user_id,is_leader,join_time) VALUES (13,64,0,'2026-06-02 10:00:00');
INSERT INTO team_member (team_id,user_id,is_leader,join_time) VALUES (13,65,0,'2026-06-02 10:00:00');
INSERT INTO team_member (team_id,user_id,is_leader,join_time) VALUES (13,66,0,'2026-06-02 10:00:00');
INSERT INTO team_member (team_id,user_id,is_leader,join_time) VALUES (13,67,0,'2026-06-02 10:00:00');
INSERT INTO user (user_id,username,password,real_name,email,phone,status) VALUES (68,'player68','6280bb198be5fc4fd75283ed1bd2d824','李若曦','player68@poster.cn','13800000068',1);
INSERT INTO user_role (user_id,role_id) VALUES (68,3);
INSERT INTO user_role (user_id,role_id) VALUES (68,4);
INSERT INTO user (user_id,username,password,real_name,email,phone,status) VALUES (69,'player69','6280bb198be5fc4fd75283ed1bd2d824','吕若曦','player69@poster.cn','13800000069',1);
INSERT INTO user_role (user_id,role_id) VALUES (69,3);
INSERT INTO user_role (user_id,role_id) VALUES (69,4);
INSERT INTO user (user_id,username,password,real_name,email,phone,status) VALUES (70,'player70','6280bb198be5fc4fd75283ed1bd2d824','程毅','player70@poster.cn','13800000070',1);
INSERT INTO user_role (user_id,role_id) VALUES (70,3);
INSERT INTO user_role (user_id,role_id) VALUES (70,4);
INSERT INTO user (user_id,username,password,real_name,email,phone,status) VALUES (71,'player71','6280bb198be5fc4fd75283ed1bd2d824','顾雨萱','player71@poster.cn','13800000071',1);
INSERT INTO user_role (user_id,role_id) VALUES (71,3);
INSERT INTO user_role (user_id,role_id) VALUES (71,4);
INSERT INTO user (user_id,username,password,real_name,email,phone,status) VALUES (72,'player72','6280bb198be5fc4fd75283ed1bd2d824','林涛','player72@poster.cn','13800000072',1);
INSERT INTO user_role (user_id,role_id) VALUES (72,3);
INSERT INTO user_role (user_id,role_id) VALUES (72,4);
INSERT INTO team (team_id,team_name,competition_id,category_id,leader_id,team_desc,status,create_time) VALUES (14,'绘梦匠心工作室',1,2,68,'一支充满创意与激情的设计团队',2,'2026-03-25 10:00:00');
INSERT INTO team_member (team_id,user_id,is_leader,join_time) VALUES (14,68,1,'2026-03-25 10:00:00');
INSERT INTO team_member (team_id,user_id,is_leader,join_time) VALUES (14,69,0,'2026-03-25 10:00:00');
INSERT INTO team_member (team_id,user_id,is_leader,join_time) VALUES (14,70,0,'2026-03-25 10:00:00');
INSERT INTO team_member (team_id,user_id,is_leader,join_time) VALUES (14,71,0,'2026-03-25 10:00:00');
INSERT INTO team_member (team_id,user_id,is_leader,join_time) VALUES (14,72,0,'2026-03-25 10:00:00');
INSERT INTO user (user_id,username,password,real_name,email,phone,status) VALUES (73,'player73','6280bb198be5fc4fd75283ed1bd2d824','汤晓红','player73@poster.cn','13800000073',1);
INSERT INTO user_role (user_id,role_id) VALUES (73,3);
INSERT INTO user_role (user_id,role_id) VALUES (73,4);
INSERT INTO user (user_id,username,password,real_name,email,phone,status) VALUES (74,'player74','6280bb198be5fc4fd75283ed1bd2d824','沈霞','player74@poster.cn','13800000074',1);
INSERT INTO user_role (user_id,role_id) VALUES (74,3);
INSERT INTO user_role (user_id,role_id) VALUES (74,4);
INSERT INTO user (user_id,username,password,real_name,email,phone,status) VALUES (75,'player75','6280bb198be5fc4fd75283ed1bd2d824','郝平','player75@poster.cn','13800000075',1);
INSERT INTO user_role (user_id,role_id) VALUES (75,3);
INSERT INTO user_role (user_id,role_id) VALUES (75,4);
INSERT INTO user (user_id,username,password,real_name,email,phone,status) VALUES (76,'player76','6280bb198be5fc4fd75283ed1bd2d824','冯子涵','player76@poster.cn','13800000076',1);
INSERT INTO user_role (user_id,role_id) VALUES (76,3);
INSERT INTO user_role (user_id,role_id) VALUES (76,4);
INSERT INTO user (user_id,username,password,real_name,email,phone,status) VALUES (77,'player77','6280bb198be5fc4fd75283ed1bd2d824','龚军','player77@poster.cn','13800000077',1);
INSERT INTO user_role (user_id,role_id) VALUES (77,3);
INSERT INTO user_role (user_id,role_id) VALUES (77,4);
INSERT INTO team (team_id,team_name,competition_id,category_id,leader_id,team_desc,status,create_time) VALUES (15,'笔尖远航团',1,2,73,'一支充满创意与激情的设计团队',2,'2026-02-21 10:00:00');
INSERT INTO team_member (team_id,user_id,is_leader,join_time) VALUES (15,73,1,'2026-02-21 10:00:00');
INSERT INTO team_member (team_id,user_id,is_leader,join_time) VALUES (15,74,0,'2026-02-21 10:00:00');
INSERT INTO team_member (team_id,user_id,is_leader,join_time) VALUES (15,75,0,'2026-02-21 10:00:00');
INSERT INTO team_member (team_id,user_id,is_leader,join_time) VALUES (15,76,0,'2026-02-21 10:00:00');
INSERT INTO team_member (team_id,user_id,is_leader,join_time) VALUES (15,77,0,'2026-02-21 10:00:00');
INSERT INTO user (user_id,username,password,real_name,email,phone,status) VALUES (78,'player78','6280bb198be5fc4fd75283ed1bd2d824','顾霞','player78@poster.cn','13800000078',1);
INSERT INTO user_role (user_id,role_id) VALUES (78,3);
INSERT INTO user_role (user_id,role_id) VALUES (78,4);
INSERT INTO user (user_id,username,password,real_name,email,phone,status) VALUES (79,'player79','6280bb198be5fc4fd75283ed1bd2d824','史雪梅','player79@poster.cn','13800000079',1);
INSERT INTO user_role (user_id,role_id) VALUES (79,3);
INSERT INTO user_role (user_id,role_id) VALUES (79,4);
INSERT INTO user (user_id,username,password,real_name,email,phone,status) VALUES (80,'player80','6280bb198be5fc4fd75283ed1bd2d824','邹景辉','player80@poster.cn','13800000080',1);
INSERT INTO user_role (user_id,role_id) VALUES (80,3);
INSERT INTO user_role (user_id,role_id) VALUES (80,4);
INSERT INTO user (user_id,username,password,real_name,email,phone,status) VALUES (81,'player81','6280bb198be5fc4fd75283ed1bd2d824','赵宁','player81@poster.cn','13800000081',1);
INSERT INTO user_role (user_id,role_id) VALUES (81,3);
INSERT INTO user_role (user_id,role_id) VALUES (81,4);
INSERT INTO team (team_id,team_name,competition_id,category_id,leader_id,team_desc,status,create_time) VALUES (16,'灵感锐意工坊',1,1,78,'一支充满创意与激情的设计团队',2,'2026-06-25 10:00:00');
INSERT INTO team_member (team_id,user_id,is_leader,join_time) VALUES (16,78,1,'2026-06-25 10:00:00');
INSERT INTO team_member (team_id,user_id,is_leader,join_time) VALUES (16,79,0,'2026-06-25 10:00:00');
INSERT INTO team_member (team_id,user_id,is_leader,join_time) VALUES (16,80,0,'2026-06-25 10:00:00');
INSERT INTO team_member (team_id,user_id,is_leader,join_time) VALUES (16,81,0,'2026-06-25 10:00:00');
INSERT INTO user (user_id,username,password,real_name,email,phone,status) VALUES (82,'player82','6280bb198be5fc4fd75283ed1bd2d824','姜雪','player82@poster.cn','13800000082',1);
INSERT INTO user_role (user_id,role_id) VALUES (82,3);
INSERT INTO user_role (user_id,role_id) VALUES (82,4);
INSERT INTO user (user_id,username,password,real_name,email,phone,status) VALUES (83,'player83','6280bb198be5fc4fd75283ed1bd2d824','龙雨桐','player83@poster.cn','13800000083',1);
INSERT INTO user_role (user_id,role_id) VALUES (83,3);
INSERT INTO user_role (user_id,role_id) VALUES (83,4);
INSERT INTO user (user_id,username,password,real_name,email,phone,status) VALUES (84,'player84','6280bb198be5fc4fd75283ed1bd2d824','廖伟','player84@poster.cn','13800000084',1);
INSERT INTO user_role (user_id,role_id) VALUES (84,3);
INSERT INTO user_role (user_id,role_id) VALUES (84,4);
INSERT INTO team (team_id,team_name,competition_id,category_id,leader_id,team_desc,status,create_time) VALUES (17,'火花先锋工坊',1,2,82,'一支充满创意与激情的设计团队',2,'2026-01-21 10:00:00');
INSERT INTO team_member (team_id,user_id,is_leader,join_time) VALUES (17,82,1,'2026-01-21 10:00:00');
INSERT INTO team_member (team_id,user_id,is_leader,join_time) VALUES (17,83,0,'2026-01-21 10:00:00');
INSERT INTO team_member (team_id,user_id,is_leader,join_time) VALUES (17,84,0,'2026-01-21 10:00:00');
INSERT INTO user (user_id,username,password,real_name,email,phone,status) VALUES (85,'player85','6280bb198be5fc4fd75283ed1bd2d824','高婷','player85@poster.cn','13800000085',1);
INSERT INTO user_role (user_id,role_id) VALUES (85,3);
INSERT INTO user_role (user_id,role_id) VALUES (85,4);
INSERT INTO user (user_id,username,password,real_name,email,phone,status) VALUES (86,'player86','6280bb198be5fc4fd75283ed1bd2d824','袁文博','player86@poster.cn','13800000086',1);
INSERT INTO user_role (user_id,role_id) VALUES (86,3);
INSERT INTO user_role (user_id,role_id) VALUES (86,4);
INSERT INTO user (user_id,username,password,real_name,email,phone,status) VALUES (87,'player87','6280bb198be5fc4fd75283ed1bd2d824','孙志强','player87@poster.cn','13800000087',1);
INSERT INTO user_role (user_id,role_id) VALUES (87,3);
INSERT INTO user_role (user_id,role_id) VALUES (87,4);
INSERT INTO user (user_id,username,password,real_name,email,phone,status) VALUES (88,'player88','6280bb198be5fc4fd75283ed1bd2d824','陈桂英','player88@poster.cn','13800000088',1);
INSERT INTO user_role (user_id,role_id) VALUES (88,3);
INSERT INTO user_role (user_id,role_id) VALUES (88,4);
INSERT INTO team (team_id,team_name,competition_id,category_id,leader_id,team_desc,status,create_time) VALUES (18,'锋芒启明工作室',1,2,85,'一支充满创意与激情的设计团队',2,'2026-01-19 10:00:00');
INSERT INTO team_member (team_id,user_id,is_leader,join_time) VALUES (18,85,1,'2026-01-19 10:00:00');
INSERT INTO team_member (team_id,user_id,is_leader,join_time) VALUES (18,86,0,'2026-01-19 10:00:00');
INSERT INTO team_member (team_id,user_id,is_leader,join_time) VALUES (18,87,0,'2026-01-19 10:00:00');
INSERT INTO team_member (team_id,user_id,is_leader,join_time) VALUES (18,88,0,'2026-01-19 10:00:00');
INSERT INTO user (user_id,username,password,real_name,email,phone,status) VALUES (89,'player89','6280bb198be5fc4fd75283ed1bd2d824','龚若曦','player89@poster.cn','13800000089',1);
INSERT INTO user_role (user_id,role_id) VALUES (89,3);
INSERT INTO user_role (user_id,role_id) VALUES (89,4);
INSERT INTO user (user_id,username,password,real_name,email,phone,status) VALUES (90,'player90','6280bb198be5fc4fd75283ed1bd2d824','沈婷','player90@poster.cn','13800000090',1);
INSERT INTO user_role (user_id,role_id) VALUES (90,3);
INSERT INTO user_role (user_id,role_id) VALUES (90,4);
INSERT INTO user (user_id,username,password,real_name,email,phone,status) VALUES (91,'player91','6280bb198be5fc4fd75283ed1bd2d824','杜雪梅','player91@poster.cn','13800000091',1);
INSERT INTO user_role (user_id,role_id) VALUES (91,3);
INSERT INTO user_role (user_id,role_id) VALUES (91,4);
INSERT INTO team (team_id,team_name,competition_id,category_id,leader_id,team_desc,status,create_time) VALUES (19,'匠心共鸣队',1,1,89,'一支充满创意与激情的设计团队',2,'2026-03-11 10:00:00');
INSERT INTO team_member (team_id,user_id,is_leader,join_time) VALUES (19,89,1,'2026-03-11 10:00:00');
INSERT INTO team_member (team_id,user_id,is_leader,join_time) VALUES (19,90,0,'2026-03-11 10:00:00');
INSERT INTO team_member (team_id,user_id,is_leader,join_time) VALUES (19,91,0,'2026-03-11 10:00:00');
INSERT INTO user (user_id,username,password,real_name,email,phone,status) VALUES (92,'player92','6280bb198be5fc4fd75283ed1bd2d824','梁明哲','player92@poster.cn','13800000092',1);
INSERT INTO user_role (user_id,role_id) VALUES (92,3);
INSERT INTO user_role (user_id,role_id) VALUES (92,4);
INSERT INTO user (user_id,username,password,real_name,email,phone,status) VALUES (93,'player93','6280bb198be5fc4fd75283ed1bd2d824','万洋','player93@poster.cn','13800000093',1);
INSERT INTO user_role (user_id,role_id) VALUES (93,3);
INSERT INTO user_role (user_id,role_id) VALUES (93,4);
INSERT INTO user (user_id,username,password,real_name,email,phone,status) VALUES (94,'player94','6280bb198be5fc4fd75283ed1bd2d824','蒋文博','player94@poster.cn','13800000094',1);
INSERT INTO user_role (user_id,role_id) VALUES (94,3);
INSERT INTO user_role (user_id,role_id) VALUES (94,4);
INSERT INTO team (team_id,team_name,competition_id,category_id,leader_id,team_desc,status,create_time) VALUES (20,'远航丹青组',1,2,92,'一支充满创意与激情的设计团队',2,'2026-02-26 10:00:00');
INSERT INTO team_member (team_id,user_id,is_leader,join_time) VALUES (20,92,1,'2026-02-26 10:00:00');
INSERT INTO team_member (team_id,user_id,is_leader,join_time) VALUES (20,93,0,'2026-02-26 10:00:00');
INSERT INTO team_member (team_id,user_id,is_leader,join_time) VALUES (20,94,0,'2026-02-26 10:00:00');
INSERT INTO user (user_id,username,password,real_name,email,phone,status) VALUES (95,'player95','6280bb198be5fc4fd75283ed1bd2d824','贾雪','player95@poster.cn','13800000095',1);
INSERT INTO user_role (user_id,role_id) VALUES (95,3);
INSERT INTO user_role (user_id,role_id) VALUES (95,4);
INSERT INTO user (user_id,username,password,real_name,email,phone,status) VALUES (96,'player96','6280bb198be5fc4fd75283ed1bd2d824','孙秀兰','player96@poster.cn','13800000096',1);
INSERT INTO user_role (user_id,role_id) VALUES (96,3);
INSERT INTO user_role (user_id,role_id) VALUES (96,4);
INSERT INTO user (user_id,username,password,real_name,email,phone,status) VALUES (97,'player97','6280bb198be5fc4fd75283ed1bd2d824','侯晓红','player97@poster.cn','13800000097',1);
INSERT INTO user_role (user_id,role_id) VALUES (97,3);
INSERT INTO user_role (user_id,role_id) VALUES (97,4);
INSERT INTO user (user_id,username,password,real_name,email,phone,status) VALUES (98,'player98','6280bb198be5fc4fd75283ed1bd2d824','康娟','player98@poster.cn','13800000098',1);
INSERT INTO user_role (user_id,role_id) VALUES (98,3);
INSERT INTO user_role (user_id,role_id) VALUES (98,4);
INSERT INTO team (team_id,team_name,competition_id,category_id,leader_id,team_desc,status,create_time) VALUES (21,'锐意千寻设计局',1,2,95,'一支充满创意与激情的设计团队',2,'2026-05-09 10:00:00');
INSERT INTO team_member (team_id,user_id,is_leader,join_time) VALUES (21,95,1,'2026-05-09 10:00:00');
INSERT INTO team_member (team_id,user_id,is_leader,join_time) VALUES (21,96,0,'2026-05-09 10:00:00');
INSERT INTO team_member (team_id,user_id,is_leader,join_time) VALUES (21,97,0,'2026-05-09 10:00:00');
INSERT INTO team_member (team_id,user_id,is_leader,join_time) VALUES (21,98,0,'2026-05-09 10:00:00');
INSERT INTO user (user_id,username,password,real_name,email,phone,status) VALUES (99,'player99','6280bb198be5fc4fd75283ed1bd2d824','傅波','player99@poster.cn','13800000099',1);
INSERT INTO user_role (user_id,role_id) VALUES (99,3);
INSERT INTO user_role (user_id,role_id) VALUES (99,4);
INSERT INTO user (user_id,username,password,real_name,email,phone,status) VALUES (100,'player100','6280bb198be5fc4fd75283ed1bd2d824','孟霞','player100@poster.cn','13800000100',1);
INSERT INTO user_role (user_id,role_id) VALUES (100,3);
INSERT INTO user_role (user_id,role_id) VALUES (100,4);
INSERT INTO user (user_id,username,password,real_name,email,phone,status) VALUES (101,'player101','6280bb198be5fc4fd75283ed1bd2d824','范梦瑶','player101@poster.cn','13800000101',1);
INSERT INTO user_role (user_id,role_id) VALUES (101,3);
INSERT INTO user_role (user_id,role_id) VALUES (101,4);
INSERT INTO user (user_id,username,password,real_name,email,phone,status) VALUES (102,'player102','6280bb198be5fc4fd75283ed1bd2d824','龚峰','player102@poster.cn','13800000102',1);
INSERT INTO user_role (user_id,role_id) VALUES (102,3);
INSERT INTO user_role (user_id,role_id) VALUES (102,4);
INSERT INTO team (team_id,team_name,competition_id,category_id,leader_id,team_desc,status,create_time) VALUES (22,'先锋万象工作室',1,2,99,'一支充满创意与激情的设计团队',2,'2026-03-24 10:00:00');
INSERT INTO team_member (team_id,user_id,is_leader,join_time) VALUES (22,99,1,'2026-03-24 10:00:00');
INSERT INTO team_member (team_id,user_id,is_leader,join_time) VALUES (22,100,0,'2026-03-24 10:00:00');
INSERT INTO team_member (team_id,user_id,is_leader,join_time) VALUES (22,101,0,'2026-03-24 10:00:00');
INSERT INTO team_member (team_id,user_id,is_leader,join_time) VALUES (22,102,0,'2026-03-24 10:00:00');
INSERT INTO user (user_id,username,password,real_name,email,phone,status) VALUES (103,'player103','6280bb198be5fc4fd75283ed1bd2d824','崔勇','player103@poster.cn','13800000103',1);
INSERT INTO user_role (user_id,role_id) VALUES (103,3);
INSERT INTO user_role (user_id,role_id) VALUES (103,4);
INSERT INTO user (user_id,username,password,real_name,email,phone,status) VALUES (104,'player104','6280bb198be5fc4fd75283ed1bd2d824','龚子涵','player104@poster.cn','13800000104',1);
INSERT INTO user_role (user_id,role_id) VALUES (104,3);
INSERT INTO user_role (user_id,role_id) VALUES (104,4);
INSERT INTO user (user_id,username,password,real_name,email,phone,status) VALUES (105,'player105','6280bb198be5fc4fd75283ed1bd2d824','毛磊','player105@poster.cn','13800000105',1);
INSERT INTO user_role (user_id,role_id) VALUES (105,3);
INSERT INTO user_role (user_id,role_id) VALUES (105,4);
INSERT INTO team (team_id,team_name,competition_id,category_id,leader_id,team_desc,status,create_time) VALUES (23,'启明无界工作室',1,2,103,'一支充满创意与激情的设计团队',2,'2026-01-05 10:00:00');
INSERT INTO team_member (team_id,user_id,is_leader,join_time) VALUES (23,103,1,'2026-01-05 10:00:00');
INSERT INTO team_member (team_id,user_id,is_leader,join_time) VALUES (23,104,0,'2026-01-05 10:00:00');
INSERT INTO team_member (team_id,user_id,is_leader,join_time) VALUES (23,105,0,'2026-01-05 10:00:00');
INSERT INTO user (user_id,username,password,real_name,email,phone,status) VALUES (106,'player106','6280bb198be5fc4fd75283ed1bd2d824','萧梓涵','player106@poster.cn','13800000106',1);
INSERT INTO user_role (user_id,role_id) VALUES (106,3);
INSERT INTO user_role (user_id,role_id) VALUES (106,4);
INSERT INTO user (user_id,username,password,real_name,email,phone,status) VALUES (107,'player107','6280bb198be5fc4fd75283ed1bd2d824','刘宇','player107@poster.cn','13800000107',1);
INSERT INTO user_role (user_id,role_id) VALUES (107,3);
INSERT INTO user_role (user_id,role_id) VALUES (107,4);
INSERT INTO user (user_id,username,password,real_name,email,phone,status) VALUES (108,'player108','6280bb198be5fc4fd75283ed1bd2d824','秦铭','player108@poster.cn','13800000108',1);
INSERT INTO user_role (user_id,role_id) VALUES (108,3);
INSERT INTO user_role (user_id,role_id) VALUES (108,4);
INSERT INTO team (team_id,team_name,competition_id,category_id,leader_id,team_desc,status,create_time) VALUES (24,'共鸣新生工坊',1,2,106,'一支充满创意与激情的设计团队',2,'2026-06-22 10:00:00');
INSERT INTO team_member (team_id,user_id,is_leader,join_time) VALUES (24,106,1,'2026-06-22 10:00:00');
INSERT INTO team_member (team_id,user_id,is_leader,join_time) VALUES (24,107,0,'2026-06-22 10:00:00');
INSERT INTO team_member (team_id,user_id,is_leader,join_time) VALUES (24,108,0,'2026-06-22 10:00:00');
INSERT INTO user (user_id,username,password,real_name,email,phone,status) VALUES (109,'player109','6280bb198be5fc4fd75283ed1bd2d824','钟文博','player109@poster.cn','13800000109',1);
INSERT INTO user_role (user_id,role_id) VALUES (109,3);
INSERT INTO user_role (user_id,role_id) VALUES (109,4);
INSERT INTO user (user_id,username,password,real_name,email,phone,status) VALUES (110,'player110','6280bb198be5fc4fd75283ed1bd2d824','邱勇','player110@poster.cn','13800000110',1);
INSERT INTO user_role (user_id,role_id) VALUES (110,3);
INSERT INTO user_role (user_id,role_id) VALUES (110,4);
INSERT INTO user (user_id,username,password,real_name,email,phone,status) VALUES (111,'player111','6280bb198be5fc4fd75283ed1bd2d824','汪明','player111@poster.cn','13800000111',1);
INSERT INTO user_role (user_id,role_id) VALUES (111,3);
INSERT INTO user_role (user_id,role_id) VALUES (111,4);
INSERT INTO user (user_id,username,password,real_name,email,phone,status) VALUES (112,'player112','6280bb198be5fc4fd75283ed1bd2d824','陆雪梅','player112@poster.cn','13800000112',1);
INSERT INTO user_role (user_id,role_id) VALUES (112,3);
INSERT INTO user_role (user_id,role_id) VALUES (112,4);
INSERT INTO user (user_id,username,password,real_name,email,phone,status) VALUES (113,'player113','6280bb198be5fc4fd75283ed1bd2d824','许海燕','player113@poster.cn','13800000113',1);
INSERT INTO user_role (user_id,role_id) VALUES (113,3);
INSERT INTO user_role (user_id,role_id) VALUES (113,4);
INSERT INTO team (team_id,team_name,competition_id,category_id,leader_id,team_desc,status,create_time) VALUES (25,'丹青华彩团',1,2,109,'一支充满创意与激情的设计团队',2,'2026-01-26 10:00:00');
INSERT INTO team_member (team_id,user_id,is_leader,join_time) VALUES (25,109,1,'2026-01-26 10:00:00');
INSERT INTO team_member (team_id,user_id,is_leader,join_time) VALUES (25,110,0,'2026-01-26 10:00:00');
INSERT INTO team_member (team_id,user_id,is_leader,join_time) VALUES (25,111,0,'2026-01-26 10:00:00');
INSERT INTO team_member (team_id,user_id,is_leader,join_time) VALUES (25,112,0,'2026-01-26 10:00:00');
INSERT INTO team_member (team_id,user_id,is_leader,join_time) VALUES (25,113,0,'2026-01-26 10:00:00');
INSERT INTO user (user_id,username,password,real_name,email,phone,status) VALUES (114,'player114','6280bb198be5fc4fd75283ed1bd2d824','汤婷','player114@poster.cn','13800000114',1);
INSERT INTO user_role (user_id,role_id) VALUES (114,3);
INSERT INTO user_role (user_id,role_id) VALUES (114,4);
INSERT INTO user (user_id,username,password,real_name,email,phone,status) VALUES (115,'player115','6280bb198be5fc4fd75283ed1bd2d824','钱逸飞','player115@poster.cn','13800000115',1);
INSERT INTO user_role (user_id,role_id) VALUES (115,3);
INSERT INTO user_role (user_id,role_id) VALUES (115,4);
INSERT INTO user (user_id,username,password,real_name,email,phone,status) VALUES (116,'player116','6280bb198be5fc4fd75283ed1bd2d824','林美玲','player116@poster.cn','13800000116',1);
INSERT INTO user_role (user_id,role_id) VALUES (116,3);
INSERT INTO user_role (user_id,role_id) VALUES (116,4);
INSERT INTO user (user_id,username,password,real_name,email,phone,status) VALUES (117,'player117','6280bb198be5fc4fd75283ed1bd2d824','沈霞','player117@poster.cn','13800000117',1);
INSERT INTO user_role (user_id,role_id) VALUES (117,3);
INSERT INTO user_role (user_id,role_id) VALUES (117,4);
INSERT INTO team (team_id,team_name,competition_id,category_id,leader_id,team_desc,status,create_time) VALUES (26,'千寻意象设计局',1,1,114,'一支充满创意与激情的设计团队',2,'2026-01-15 10:00:00');
INSERT INTO team_member (team_id,user_id,is_leader,join_time) VALUES (26,114,1,'2026-01-15 10:00:00');
INSERT INTO team_member (team_id,user_id,is_leader,join_time) VALUES (26,115,0,'2026-01-15 10:00:00');
INSERT INTO team_member (team_id,user_id,is_leader,join_time) VALUES (26,116,0,'2026-01-15 10:00:00');
INSERT INTO team_member (team_id,user_id,is_leader,join_time) VALUES (26,117,0,'2026-01-15 10:00:00');
INSERT INTO user (user_id,username,password,real_name,email,phone,status) VALUES (118,'player118','6280bb198be5fc4fd75283ed1bd2d824','邱语嫣','player118@poster.cn','13800000118',1);
INSERT INTO user_role (user_id,role_id) VALUES (118,3);
INSERT INTO user_role (user_id,role_id) VALUES (118,4);
INSERT INTO user (user_id,username,password,real_name,email,phone,status) VALUES (119,'player119','6280bb198be5fc4fd75283ed1bd2d824','宋云飞','player119@poster.cn','13800000119',1);
INSERT INTO user_role (user_id,role_id) VALUES (119,3);
INSERT INTO user_role (user_id,role_id) VALUES (119,4);
INSERT INTO user (user_id,username,password,real_name,email,phone,status) VALUES (120,'player120','6280bb198be5fc4fd75283ed1bd2d824','吴杰','player120@poster.cn','13800000120',1);
INSERT INTO user_role (user_id,role_id) VALUES (120,3);
INSERT INTO user_role (user_id,role_id) VALUES (120,4);
INSERT INTO user (user_id,username,password,real_name,email,phone,status) VALUES (121,'player121','6280bb198be5fc4fd75283ed1bd2d824','许健','player121@poster.cn','13800000121',1);
INSERT INTO user_role (user_id,role_id) VALUES (121,3);
INSERT INTO user_role (user_id,role_id) VALUES (121,4);
INSERT INTO user (user_id,username,password,real_name,email,phone,status) VALUES (122,'player122','6280bb198be5fc4fd75283ed1bd2d824','邵辉','player122@poster.cn','13800000122',1);
INSERT INTO user_role (user_id,role_id) VALUES (122,3);
INSERT INTO user_role (user_id,role_id) VALUES (122,4);
INSERT INTO team (team_id,team_name,competition_id,category_id,leader_id,team_desc,status,create_time) VALUES (27,'万象蔚蓝工坊',1,1,118,'一支充满创意与激情的设计团队',2,'2026-03-19 10:00:00');
INSERT INTO team_member (team_id,user_id,is_leader,join_time) VALUES (27,118,1,'2026-03-19 10:00:00');
INSERT INTO team_member (team_id,user_id,is_leader,join_time) VALUES (27,119,0,'2026-03-19 10:00:00');
INSERT INTO team_member (team_id,user_id,is_leader,join_time) VALUES (27,120,0,'2026-03-19 10:00:00');
INSERT INTO team_member (team_id,user_id,is_leader,join_time) VALUES (27,121,0,'2026-03-19 10:00:00');
INSERT INTO team_member (team_id,user_id,is_leader,join_time) VALUES (27,122,0,'2026-03-19 10:00:00');
INSERT INTO user (user_id,username,password,real_name,email,phone,status) VALUES (123,'player123','6280bb198be5fc4fd75283ed1bd2d824','陆凯','player123@poster.cn','13800000123',1);
INSERT INTO user_role (user_id,role_id) VALUES (123,3);
INSERT INTO user_role (user_id,role_id) VALUES (123,4);
INSERT INTO user (user_id,username,password,real_name,email,phone,status) VALUES (124,'player124','6280bb198be5fc4fd75283ed1bd2d824','夏亮','player124@poster.cn','13800000124',1);
INSERT INTO user_role (user_id,role_id) VALUES (124,3);
INSERT INTO user_role (user_id,role_id) VALUES (124,4);
INSERT INTO user (user_id,username,password,real_name,email,phone,status) VALUES (125,'player125','6280bb198be5fc4fd75283ed1bd2d824','龙龙','player125@poster.cn','13800000125',1);
INSERT INTO user_role (user_id,role_id) VALUES (125,3);
INSERT INTO user_role (user_id,role_id) VALUES (125,4);
INSERT INTO user (user_id,username,password,real_name,email,phone,status) VALUES (126,'player126','6280bb198be5fc4fd75283ed1bd2d824','邓雪婷','player126@poster.cn','13800000126',1);
INSERT INTO user_role (user_id,role_id) VALUES (126,3);
INSERT INTO user_role (user_id,role_id) VALUES (126,4);
INSERT INTO user (user_id,username,password,real_name,email,phone,status) VALUES (127,'player127','6280bb198be5fc4fd75283ed1bd2d824','吴博','player127@poster.cn','13800000127',1);
INSERT INTO user_role (user_id,role_id) VALUES (127,3);
INSERT INTO user_role (user_id,role_id) VALUES (127,4);
INSERT INTO team (team_id,team_name,competition_id,category_id,leader_id,team_desc,status,create_time) VALUES (28,'无界炽热团',1,1,123,'一支充满创意与激情的设计团队',2,'2026-01-22 10:00:00');
INSERT INTO team_member (team_id,user_id,is_leader,join_time) VALUES (28,123,1,'2026-01-22 10:00:00');
INSERT INTO team_member (team_id,user_id,is_leader,join_time) VALUES (28,124,0,'2026-01-22 10:00:00');
INSERT INTO team_member (team_id,user_id,is_leader,join_time) VALUES (28,125,0,'2026-01-22 10:00:00');
INSERT INTO team_member (team_id,user_id,is_leader,join_time) VALUES (28,126,0,'2026-01-22 10:00:00');
INSERT INTO team_member (team_id,user_id,is_leader,join_time) VALUES (28,127,0,'2026-01-22 10:00:00');
INSERT INTO user (user_id,username,password,real_name,email,phone,status) VALUES (128,'player128','6280bb198be5fc4fd75283ed1bd2d824','汤桂英','player128@poster.cn','13800000128',1);
INSERT INTO user_role (user_id,role_id) VALUES (128,3);
INSERT INTO user_role (user_id,role_id) VALUES (128,4);
INSERT INTO user (user_id,username,password,real_name,email,phone,status) VALUES (129,'player129','6280bb198be5fc4fd75283ed1bd2d824','沈天佑','player129@poster.cn','13800000129',1);
INSERT INTO user_role (user_id,role_id) VALUES (129,3);
INSERT INTO user_role (user_id,role_id) VALUES (129,4);
INSERT INTO user (user_id,username,password,real_name,email,phone,status) VALUES (130,'player130','6280bb198be5fc4fd75283ed1bd2d824','陈博','player130@poster.cn','13800000130',1);
INSERT INTO user_role (user_id,role_id) VALUES (130,3);
INSERT INTO user_role (user_id,role_id) VALUES (130,4);
INSERT INTO team (team_id,team_name,competition_id,category_id,leader_id,team_desc,status,create_time) VALUES (29,'新生流萤设计局',1,1,128,'一支充满创意与激情的设计团队',2,'2026-05-11 10:00:00');
INSERT INTO team_member (team_id,user_id,is_leader,join_time) VALUES (29,128,1,'2026-05-11 10:00:00');
INSERT INTO team_member (team_id,user_id,is_leader,join_time) VALUES (29,129,0,'2026-05-11 10:00:00');
INSERT INTO team_member (team_id,user_id,is_leader,join_time) VALUES (29,130,0,'2026-05-11 10:00:00');
INSERT INTO user (user_id,username,password,real_name,email,phone,status) VALUES (131,'player131','6280bb198be5fc4fd75283ed1bd2d824','范思远','player131@poster.cn','13800000131',1);
INSERT INTO user_role (user_id,role_id) VALUES (131,3);
INSERT INTO user_role (user_id,role_id) VALUES (131,4);
INSERT INTO user (user_id,username,password,real_name,email,phone,status) VALUES (132,'player132','6280bb198be5fc4fd75283ed1bd2d824','田晓萌','player132@poster.cn','13800000132',1);
INSERT INTO user_role (user_id,role_id) VALUES (132,3);
INSERT INTO user_role (user_id,role_id) VALUES (132,4);
INSERT INTO user (user_id,username,password,real_name,email,phone,status) VALUES (133,'player133','6280bb198be5fc4fd75283ed1bd2d824','王雪','player133@poster.cn','13800000133',1);
INSERT INTO user_role (user_id,role_id) VALUES (133,3);
INSERT INTO user_role (user_id,role_id) VALUES (133,4);
INSERT INTO team (team_id,team_name,competition_id,category_id,leader_id,team_desc,status,create_time) VALUES (30,'华彩踏浪工坊',1,2,131,'一支充满创意与激情的设计团队',2,'2026-01-21 10:00:00');
INSERT INTO team_member (team_id,user_id,is_leader,join_time) VALUES (30,131,1,'2026-01-21 10:00:00');
INSERT INTO team_member (team_id,user_id,is_leader,join_time) VALUES (30,132,0,'2026-01-21 10:00:00');
INSERT INTO team_member (team_id,user_id,is_leader,join_time) VALUES (30,133,0,'2026-01-21 10:00:00');
INSERT INTO user (user_id,username,password,real_name,email,phone,status) VALUES (134,'player134','6280bb198be5fc4fd75283ed1bd2d824','吴毅','player134@poster.cn','13800000134',1);
INSERT INTO user_role (user_id,role_id) VALUES (134,3);
INSERT INTO user_role (user_id,role_id) VALUES (134,4);
INSERT INTO user (user_id,username,password,real_name,email,phone,status) VALUES (135,'player135','6280bb198be5fc4fd75283ed1bd2d824','郑若曦','player135@poster.cn','13800000135',1);
INSERT INTO user_role (user_id,role_id) VALUES (135,3);
INSERT INTO user_role (user_id,role_id) VALUES (135,4);
INSERT INTO user (user_id,username,password,real_name,email,phone,status) VALUES (136,'player136','6280bb198be5fc4fd75283ed1bd2d824','梁睿','player136@poster.cn','13800000136',1);
INSERT INTO user_role (user_id,role_id) VALUES (136,3);
INSERT INTO user_role (user_id,role_id) VALUES (136,4);
INSERT INTO user (user_id,username,password,real_name,email,phone,status) VALUES (137,'player137','6280bb198be5fc4fd75283ed1bd2d824','邓明','player137@poster.cn','13800000137',1);
INSERT INTO user_role (user_id,role_id) VALUES (137,3);
INSERT INTO user_role (user_id,role_id) VALUES (137,4);
INSERT INTO user (user_id,username,password,real_name,email,phone,status) VALUES (138,'player138','6280bb198be5fc4fd75283ed1bd2d824','顾旭','player138@poster.cn','13800000138',1);
INSERT INTO user_role (user_id,role_id) VALUES (138,3);
INSERT INTO user_role (user_id,role_id) VALUES (138,4);
INSERT INTO team (team_id,team_name,competition_id,category_id,leader_id,team_desc,status,create_time) VALUES (31,'意象奔雷团',1,2,134,'一支充满创意与激情的设计团队',2,'2026-06-14 10:00:00');
INSERT INTO team_member (team_id,user_id,is_leader,join_time) VALUES (31,134,1,'2026-06-14 10:00:00');
INSERT INTO team_member (team_id,user_id,is_leader,join_time) VALUES (31,135,0,'2026-06-14 10:00:00');
INSERT INTO team_member (team_id,user_id,is_leader,join_time) VALUES (31,136,0,'2026-06-14 10:00:00');
INSERT INTO team_member (team_id,user_id,is_leader,join_time) VALUES (31,137,0,'2026-06-14 10:00:00');
INSERT INTO team_member (team_id,user_id,is_leader,join_time) VALUES (31,138,0,'2026-06-14 10:00:00');
INSERT INTO user (user_id,username,password,real_name,email,phone,status) VALUES (139,'player139','6280bb198be5fc4fd75283ed1bd2d824','龚威','player139@poster.cn','13800000139',1);
INSERT INTO user_role (user_id,role_id) VALUES (139,3);
INSERT INTO user_role (user_id,role_id) VALUES (139,4);
INSERT INTO user (user_id,username,password,real_name,email,phone,status) VALUES (140,'player140','6280bb198be5fc4fd75283ed1bd2d824','江飞','player140@poster.cn','13800000140',1);
INSERT INTO user_role (user_id,role_id) VALUES (140,3);
INSERT INTO user_role (user_id,role_id) VALUES (140,4);
INSERT INTO user (user_id,username,password,real_name,email,phone,status) VALUES (141,'player141','6280bb198be5fc4fd75283ed1bd2d824','白杰','player141@poster.cn','13800000141',1);
INSERT INTO user_role (user_id,role_id) VALUES (141,3);
INSERT INTO user_role (user_id,role_id) VALUES (141,4);
INSERT INTO team (team_id,team_name,competition_id,category_id,leader_id,team_desc,status,create_time) VALUES (32,'蔚蓝追风队',1,1,139,'一支充满创意与激情的设计团队',2,'2026-03-16 10:00:00');
INSERT INTO team_member (team_id,user_id,is_leader,join_time) VALUES (32,139,1,'2026-03-16 10:00:00');
INSERT INTO team_member (team_id,user_id,is_leader,join_time) VALUES (32,140,0,'2026-03-16 10:00:00');
INSERT INTO team_member (team_id,user_id,is_leader,join_time) VALUES (32,141,0,'2026-03-16 10:00:00');

-- 第6届设计之星海报设计大赛  (1 teams)
INSERT INTO competition (competition_id,year,name,theme,description,submit_deadline,max_team_size,status,creator_id,create_time) VALUES (2,2025,'第6届设计之星海报设计大赛','科技强国——聚焦科技创新，用设计语言描绘科技改变生活','聚焦科技创新，用设计语言描绘科技改变生活','2026-09-15 23:59:59',5,1,1,'2026-07-14 10:00:00');
INSERT INTO competition_category (category_id,competition_id,category_name,category_desc) VALUES (3,2,'平面海报','以平面设计为主的海报作品');
INSERT INTO competition_category (category_id,competition_id,category_name,category_desc) VALUES (4,2,'数字插画','以数字绘画为主的插画作品');
INSERT INTO user (user_id,username,password,real_name,email,phone,status) VALUES (142,'player142','6280bb198be5fc4fd75283ed1bd2d824','夏云飞','player142@poster.cn','13800000142',1);
INSERT INTO user_role (user_id,role_id) VALUES (142,3);
INSERT INTO user_role (user_id,role_id) VALUES (142,4);
INSERT INTO user (user_id,username,password,real_name,email,phone,status) VALUES (143,'player143','6280bb198be5fc4fd75283ed1bd2d824','彭雪婷','player143@poster.cn','13800000143',1);
INSERT INTO user_role (user_id,role_id) VALUES (143,3);
INSERT INTO user_role (user_id,role_id) VALUES (143,4);
INSERT INTO user (user_id,username,password,real_name,email,phone,status) VALUES (144,'player144','6280bb198be5fc4fd75283ed1bd2d824','田霞','player144@poster.cn','13800000144',1);
INSERT INTO user_role (user_id,role_id) VALUES (144,3);
INSERT INTO user_role (user_id,role_id) VALUES (144,4);
INSERT INTO user (user_id,username,password,real_name,email,phone,status) VALUES (145,'player145','6280bb198be5fc4fd75283ed1bd2d824','邹敏','player145@poster.cn','13800000145',1);
INSERT INTO user_role (user_id,role_id) VALUES (145,3);
INSERT INTO user_role (user_id,role_id) VALUES (145,4);
INSERT INTO user (user_id,username,password,real_name,email,phone,status) VALUES (146,'player146','6280bb198be5fc4fd75283ed1bd2d824','史凯','player146@poster.cn','13800000146',1);
INSERT INTO user_role (user_id,role_id) VALUES (146,3);
INSERT INTO user_role (user_id,role_id) VALUES (146,4);
INSERT INTO team (team_id,team_name,competition_id,category_id,leader_id,team_desc,status,create_time) VALUES (33,'炽热揽月组',2,3,142,'一支充满创意与激情的设计团队',2,'2026-04-15 10:00:00');
INSERT INTO team_member (team_id,user_id,is_leader,join_time) VALUES (33,142,1,'2026-04-15 10:00:00');
INSERT INTO team_member (team_id,user_id,is_leader,join_time) VALUES (33,143,0,'2026-04-15 10:00:00');
INSERT INTO team_member (team_id,user_id,is_leader,join_time) VALUES (33,144,0,'2026-04-15 10:00:00');
INSERT INTO team_member (team_id,user_id,is_leader,join_time) VALUES (33,145,0,'2026-04-15 10:00:00');
INSERT INTO team_member (team_id,user_id,is_leader,join_time) VALUES (33,146,0,'2026-04-15 10:00:00');

-- 第6届视觉盛宴海报设计大赛  (1 teams)
INSERT INTO competition (competition_id,year,name,theme,description,submit_deadline,max_team_size,status,creator_id,create_time) VALUES (3,2025,'第6届视觉盛宴海报设计大赛','绿色家园——倡导绿色环保理念，表现人与自然和谐共生','倡导绿色环保理念，表现人与自然和谐共生','2026-11-15 23:59:59',5,1,1,'2026-07-14 10:00:00');
INSERT INTO competition_category (category_id,competition_id,category_name,category_desc) VALUES (5,3,'平面海报','以平面设计为主的海报作品');
INSERT INTO competition_category (category_id,competition_id,category_name,category_desc) VALUES (6,3,'数字插画','以数字绘画为主的插画作品');
INSERT INTO user (user_id,username,password,real_name,email,phone,status) VALUES (147,'player147','6280bb198be5fc4fd75283ed1bd2d824','秦晓萌','player147@poster.cn','13800000147',1);
INSERT INTO user_role (user_id,role_id) VALUES (147,3);
INSERT INTO user_role (user_id,role_id) VALUES (147,4);
INSERT INTO user (user_id,username,password,real_name,email,phone,status) VALUES (148,'player148','6280bb198be5fc4fd75283ed1bd2d824','龚琳','player148@poster.cn','13800000148',1);
INSERT INTO user_role (user_id,role_id) VALUES (148,3);
INSERT INTO user_role (user_id,role_id) VALUES (148,4);
INSERT INTO user (user_id,username,password,real_name,email,phone,status) VALUES (149,'player149','6280bb198be5fc4fd75283ed1bd2d824','林艺琳','player149@poster.cn','13800000149',1);
INSERT INTO user_role (user_id,role_id) VALUES (149,3);
INSERT INTO user_role (user_id,role_id) VALUES (149,4);
INSERT INTO user (user_id,username,password,real_name,email,phone,status) VALUES (150,'player150','6280bb198be5fc4fd75283ed1bd2d824','徐晨','player150@poster.cn','13800000150',1);
INSERT INTO user_role (user_id,role_id) VALUES (150,3);
INSERT INTO user_role (user_id,role_id) VALUES (150,4);
INSERT INTO user (user_id,username,password,real_name,email,phone,status) VALUES (151,'player151','6280bb198be5fc4fd75283ed1bd2d824','白逸飞','player151@poster.cn','13800000151',1);
INSERT INTO user_role (user_id,role_id) VALUES (151,3);
INSERT INTO user_role (user_id,role_id) VALUES (151,4);
INSERT INTO team (team_id,team_name,competition_id,category_id,leader_id,team_desc,status,create_time) VALUES (34,'流萤织梦工坊',3,6,147,'一支充满创意与激情的设计团队',2,'2026-05-14 10:00:00');
INSERT INTO team_member (team_id,user_id,is_leader,join_time) VALUES (34,147,1,'2026-05-14 10:00:00');
INSERT INTO team_member (team_id,user_id,is_leader,join_time) VALUES (34,148,0,'2026-05-14 10:00:00');
INSERT INTO team_member (team_id,user_id,is_leader,join_time) VALUES (34,149,0,'2026-05-14 10:00:00');
INSERT INTO team_member (team_id,user_id,is_leader,join_time) VALUES (34,150,0,'2026-05-14 10:00:00');
INSERT INTO team_member (team_id,user_id,is_leader,join_time) VALUES (34,151,0,'2026-05-14 10:00:00');

-- 第6届灵感碰撞海报设计大赛  (1 teams)
INSERT INTO competition (competition_id,year,name,theme,description,submit_deadline,max_team_size,status,creator_id,create_time) VALUES (4,2025,'第6届灵感碰撞海报设计大赛','文化传承——弘扬中华优秀传统文化，展现非遗与现代设计融合','弘扬中华优秀传统文化，展现非遗与现代设计融合','2026-10-15 23:59:59',5,1,1,'2026-07-14 10:00:00');
INSERT INTO competition_category (category_id,competition_id,category_name,category_desc) VALUES (7,4,'平面海报','以平面设计为主的海报作品');
INSERT INTO competition_category (category_id,competition_id,category_name,category_desc) VALUES (8,4,'数字插画','以数字绘画为主的插画作品');
INSERT INTO user (user_id,username,password,real_name,email,phone,status) VALUES (152,'player152','6280bb198be5fc4fd75283ed1bd2d824','罗辉','player152@poster.cn','13800000152',1);
INSERT INTO user_role (user_id,role_id) VALUES (152,3);
INSERT INTO user_role (user_id,role_id) VALUES (152,4);
INSERT INTO user (user_id,username,password,real_name,email,phone,status) VALUES (153,'player153','6280bb198be5fc4fd75283ed1bd2d824','顾军','player153@poster.cn','13800000153',1);
INSERT INTO user_role (user_id,role_id) VALUES (153,3);
INSERT INTO user_role (user_id,role_id) VALUES (153,4);
INSERT INTO user (user_id,username,password,real_name,email,phone,status) VALUES (154,'player154','6280bb198be5fc4fd75283ed1bd2d824','吴梓涵','player154@poster.cn','13800000154',1);
INSERT INTO user_role (user_id,role_id) VALUES (154,3);
INSERT INTO user_role (user_id,role_id) VALUES (154,4);
INSERT INTO user (user_id,username,password,real_name,email,phone,status) VALUES (155,'player155','6280bb198be5fc4fd75283ed1bd2d824','潘晓红','player155@poster.cn','13800000155',1);
INSERT INTO user_role (user_id,role_id) VALUES (155,3);
INSERT INTO user_role (user_id,role_id) VALUES (155,4);
INSERT INTO user (user_id,username,password,real_name,email,phone,status) VALUES (156,'player156','6280bb198be5fc4fd75283ed1bd2d824','高鹏','player156@poster.cn','13800000156',1);
INSERT INTO user_role (user_id,role_id) VALUES (156,3);
INSERT INTO user_role (user_id,role_id) VALUES (156,4);
INSERT INTO team (team_id,team_name,competition_id,category_id,leader_id,team_desc,status,create_time) VALUES (35,'踏浪拾色队',4,8,152,'一支充满创意与激情的设计团队',2,'2026-04-20 10:00:00');
INSERT INTO team_member (team_id,user_id,is_leader,join_time) VALUES (35,152,1,'2026-04-20 10:00:00');
INSERT INTO team_member (team_id,user_id,is_leader,join_time) VALUES (35,153,0,'2026-04-20 10:00:00');
INSERT INTO team_member (team_id,user_id,is_leader,join_time) VALUES (35,154,0,'2026-04-20 10:00:00');
INSERT INTO team_member (team_id,user_id,is_leader,join_time) VALUES (35,155,0,'2026-04-20 10:00:00');
INSERT INTO team_member (team_id,user_id,is_leader,join_time) VALUES (35,156,0,'2026-04-20 10:00:00');

-- 第6届美学探索海报设计大赛  (1 teams)
INSERT INTO competition (competition_id,year,name,theme,description,submit_deadline,max_team_size,status,creator_id,create_time) VALUES (5,2025,'第6届美学探索海报设计大赛','梦想启航——描绘青春梦想，激励大学生勇敢追逐人生理想','描绘青春梦想，激励大学生勇敢追逐人生理想','2026-12-15 23:59:59',5,1,1,'2026-07-14 10:00:00');
INSERT INTO competition_category (category_id,competition_id,category_name,category_desc) VALUES (9,5,'平面海报','以平面设计为主的海报作品');
INSERT INTO competition_category (category_id,competition_id,category_name,category_desc) VALUES (10,5,'数字插画','以数字绘画为主的插画作品');
INSERT INTO user (user_id,username,password,real_name,email,phone,status) VALUES (157,'player157','6280bb198be5fc4fd75283ed1bd2d824','袁玉兰','player157@poster.cn','13800000157',1);
INSERT INTO user_role (user_id,role_id) VALUES (157,3);
INSERT INTO user_role (user_id,role_id) VALUES (157,4);
INSERT INTO user (user_id,username,password,real_name,email,phone,status) VALUES (158,'player158','6280bb198be5fc4fd75283ed1bd2d824','谢军','player158@poster.cn','13800000158',1);
INSERT INTO user_role (user_id,role_id) VALUES (158,3);
INSERT INTO user_role (user_id,role_id) VALUES (158,4);
INSERT INTO user (user_id,username,password,real_name,email,phone,status) VALUES (159,'player159','6280bb198be5fc4fd75283ed1bd2d824','汪俊杰','player159@poster.cn','13800000159',1);
INSERT INTO user_role (user_id,role_id) VALUES (159,3);
INSERT INTO user_role (user_id,role_id) VALUES (159,4);
INSERT INTO user (user_id,username,password,real_name,email,phone,status) VALUES (160,'player160','6280bb198be5fc4fd75283ed1bd2d824','范玉兰','player160@poster.cn','13800000160',1);
INSERT INTO user_role (user_id,role_id) VALUES (160,3);
INSERT INTO user_role (user_id,role_id) VALUES (160,4);
INSERT INTO team (team_id,team_name,competition_id,category_id,leader_id,team_desc,status,create_time) VALUES (36,'奔雷观澜队',5,10,157,'一支充满创意与激情的设计团队',2,'2026-06-12 10:00:00');
INSERT INTO team_member (team_id,user_id,is_leader,join_time) VALUES (36,157,1,'2026-06-12 10:00:00');
INSERT INTO team_member (team_id,user_id,is_leader,join_time) VALUES (36,158,0,'2026-06-12 10:00:00');
INSERT INTO team_member (team_id,user_id,is_leader,join_time) VALUES (36,159,0,'2026-06-12 10:00:00');
INSERT INTO team_member (team_id,user_id,is_leader,join_time) VALUES (36,160,0,'2026-06-12 10:00:00');

-- 第6届意境之美海报设计大赛  (1 teams)
INSERT INTO competition (competition_id,year,name,theme,description,submit_deadline,max_team_size,status,creator_id,create_time) VALUES (6,2025,'第6届意境之美海报设计大赛','城市印记——记录城市变迁，展现城市发展与人文情怀的交织','记录城市变迁，展现城市发展与人文情怀的交织','2026-10-15 23:59:59',5,1,1,'2026-07-14 10:00:00');
INSERT INTO competition_category (category_id,competition_id,category_name,category_desc) VALUES (11,6,'平面海报','以平面设计为主的海报作品');
INSERT INTO competition_category (category_id,competition_id,category_name,category_desc) VALUES (12,6,'数字插画','以数字绘画为主的插画作品');
INSERT INTO user (user_id,username,password,real_name,email,phone,status) VALUES (161,'player161','6280bb198be5fc4fd75283ed1bd2d824','崔天佑','player161@poster.cn','13800000161',1);
INSERT INTO user_role (user_id,role_id) VALUES (161,3);
INSERT INTO user_role (user_id,role_id) VALUES (161,4);
INSERT INTO user (user_id,username,password,real_name,email,phone,status) VALUES (162,'player162','6280bb198be5fc4fd75283ed1bd2d824','朱强','player162@poster.cn','13800000162',1);
INSERT INTO user_role (user_id,role_id) VALUES (162,3);
INSERT INTO user_role (user_id,role_id) VALUES (162,4);
INSERT INTO user (user_id,username,password,real_name,email,phone,status) VALUES (163,'player163','6280bb198be5fc4fd75283ed1bd2d824','侯晓红','player163@poster.cn','13800000163',1);
INSERT INTO user_role (user_id,role_id) VALUES (163,3);
INSERT INTO user_role (user_id,role_id) VALUES (163,4);
INSERT INTO team (team_id,team_name,competition_id,category_id,leader_id,team_desc,status,create_time) VALUES (37,'追风破晓团',6,11,161,'一支充满创意与激情的设计团队',2,'2026-01-22 10:00:00');
INSERT INTO team_member (team_id,user_id,is_leader,join_time) VALUES (37,161,1,'2026-01-22 10:00:00');
INSERT INTO team_member (team_id,user_id,is_leader,join_time) VALUES (37,162,0,'2026-01-22 10:00:00');
INSERT INTO team_member (team_id,user_id,is_leader,join_time) VALUES (37,163,0,'2026-01-22 10:00:00');

-- 第6届新锐力量海报设计大赛  (1 teams)
INSERT INTO competition (competition_id,year,name,theme,description,submit_deadline,max_team_size,status,creator_id,create_time) VALUES (7,2025,'第6届新锐力量海报设计大赛','书香致远——以阅读与知识为灵感，设计书香校园主题海报','以阅读与知识为灵感，设计书香校园主题海报','2026-11-15 23:59:59',5,1,1,'2026-07-14 10:00:00');
INSERT INTO competition_category (category_id,competition_id,category_name,category_desc) VALUES (13,7,'平面海报','以平面设计为主的海报作品');
INSERT INTO competition_category (category_id,competition_id,category_name,category_desc) VALUES (14,7,'数字插画','以数字绘画为主的插画作品');
INSERT INTO user (user_id,username,password,real_name,email,phone,status) VALUES (164,'player164','6280bb198be5fc4fd75283ed1bd2d824','汤平','player164@poster.cn','13800000164',1);
INSERT INTO user_role (user_id,role_id) VALUES (164,3);
INSERT INTO user_role (user_id,role_id) VALUES (164,4);
INSERT INTO user (user_id,username,password,real_name,email,phone,status) VALUES (165,'player165','6280bb198be5fc4fd75283ed1bd2d824','郝思远','player165@poster.cn','13800000165',1);
INSERT INTO user_role (user_id,role_id) VALUES (165,3);
INSERT INTO user_role (user_id,role_id) VALUES (165,4);
INSERT INTO user (user_id,username,password,real_name,email,phone,status) VALUES (166,'player166','6280bb198be5fc4fd75283ed1bd2d824','杨军','player166@poster.cn','13800000166',1);
INSERT INTO user_role (user_id,role_id) VALUES (166,3);
INSERT INTO user_role (user_id,role_id) VALUES (166,4);
INSERT INTO user (user_id,username,password,real_name,email,phone,status) VALUES (167,'player167','6280bb198be5fc4fd75283ed1bd2d824','何浩然','player167@poster.cn','13800000167',1);
INSERT INTO user_role (user_id,role_id) VALUES (167,3);
INSERT INTO user_role (user_id,role_id) VALUES (167,4);
INSERT INTO user (user_id,username,password,real_name,email,phone,status) VALUES (168,'player168','6280bb198be5fc4fd75283ed1bd2d824','尹欣怡','player168@poster.cn','13800000168',1);
INSERT INTO user_role (user_id,role_id) VALUES (168,3);
INSERT INTO user_role (user_id,role_id) VALUES (168,4);
INSERT INTO team (team_id,team_name,competition_id,category_id,leader_id,team_desc,status,create_time) VALUES (38,'揽月星辰团',7,14,164,'一支充满创意与激情的设计团队',2,'2026-01-13 10:00:00');
INSERT INTO team_member (team_id,user_id,is_leader,join_time) VALUES (38,164,1,'2026-01-13 10:00:00');
INSERT INTO team_member (team_id,user_id,is_leader,join_time) VALUES (38,165,0,'2026-01-13 10:00:00');
INSERT INTO team_member (team_id,user_id,is_leader,join_time) VALUES (38,166,0,'2026-01-13 10:00:00');
INSERT INTO team_member (team_id,user_id,is_leader,join_time) VALUES (38,167,0,'2026-01-13 10:00:00');
INSERT INTO team_member (team_id,user_id,is_leader,join_time) VALUES (38,168,0,'2026-01-13 10:00:00');

-- 第6届色彩革命海报设计大赛  (1 teams)
INSERT INTO competition (competition_id,year,name,theme,description,submit_deadline,max_team_size,status,creator_id,create_time) VALUES (8,2025,'第6届色彩革命海报设计大赛','匠心独运——致敬工匠精神，用创意海报展现精益求精','致敬工匠精神，用创意海报展现精益求精','2026-11-15 23:59:59',5,1,1,'2026-07-14 10:00:00');
INSERT INTO competition_category (category_id,competition_id,category_name,category_desc) VALUES (15,8,'平面海报','以平面设计为主的海报作品');
INSERT INTO competition_category (category_id,competition_id,category_name,category_desc) VALUES (16,8,'数字插画','以数字绘画为主的插画作品');
INSERT INTO user (user_id,username,password,real_name,email,phone,status) VALUES (169,'player169','6280bb198be5fc4fd75283ed1bd2d824','彭强','player169@poster.cn','13800000169',1);
INSERT INTO user_role (user_id,role_id) VALUES (169,3);
INSERT INTO user_role (user_id,role_id) VALUES (169,4);
INSERT INTO user (user_id,username,password,real_name,email,phone,status) VALUES (170,'player170','6280bb198be5fc4fd75283ed1bd2d824','魏峰','player170@poster.cn','13800000170',1);
INSERT INTO user_role (user_id,role_id) VALUES (170,3);
INSERT INTO user_role (user_id,role_id) VALUES (170,4);
INSERT INTO user (user_id,username,password,real_name,email,phone,status) VALUES (171,'player171','6280bb198be5fc4fd75283ed1bd2d824','曾博','player171@poster.cn','13800000171',1);
INSERT INTO user_role (user_id,role_id) VALUES (171,3);
INSERT INTO user_role (user_id,role_id) VALUES (171,4);
INSERT INTO team (team_id,team_name,competition_id,category_id,leader_id,team_desc,status,create_time) VALUES (39,'织梦极光工作室',8,15,169,'一支充满创意与激情的设计团队',2,'2026-01-22 10:00:00');
INSERT INTO team_member (team_id,user_id,is_leader,join_time) VALUES (39,169,1,'2026-01-22 10:00:00');
INSERT INTO team_member (team_id,user_id,is_leader,join_time) VALUES (39,170,0,'2026-01-22 10:00:00');
INSERT INTO team_member (team_id,user_id,is_leader,join_time) VALUES (39,171,0,'2026-01-22 10:00:00');

-- 第6届设计力场海报设计大赛  (1 teams)
INSERT INTO competition (competition_id,year,name,theme,description,submit_deadline,max_team_size,status,creator_id,create_time) VALUES (9,2025,'第6届设计力场海报设计大赛','未来已来——探索人工智能与未来科技，畅想智慧生活','探索人工智能与未来科技，畅想智慧生活','2026-10-15 23:59:59',5,1,1,'2026-07-14 10:00:00');
INSERT INTO competition_category (category_id,competition_id,category_name,category_desc) VALUES (17,9,'平面海报','以平面设计为主的海报作品');
INSERT INTO competition_category (category_id,competition_id,category_name,category_desc) VALUES (18,9,'数字插画','以数字绘画为主的插画作品');
INSERT INTO user (user_id,username,password,real_name,email,phone,status) VALUES (172,'player172','6280bb198be5fc4fd75283ed1bd2d824','胡宁','player172@poster.cn','13800000172',1);
INSERT INTO user_role (user_id,role_id) VALUES (172,3);
INSERT INTO user_role (user_id,role_id) VALUES (172,4);
INSERT INTO user (user_id,username,password,real_name,email,phone,status) VALUES (173,'player173','6280bb198be5fc4fd75283ed1bd2d824','邱天佑','player173@poster.cn','13800000173',1);
INSERT INTO user_role (user_id,role_id) VALUES (173,3);
INSERT INTO user_role (user_id,role_id) VALUES (173,4);
INSERT INTO user (user_id,username,password,real_name,email,phone,status) VALUES (174,'player174','6280bb198be5fc4fd75283ed1bd2d824','龚诗涵','player174@poster.cn','13800000174',1);
INSERT INTO user_role (user_id,role_id) VALUES (174,3);
INSERT INTO user_role (user_id,role_id) VALUES (174,4);
INSERT INTO user (user_id,username,password,real_name,email,phone,status) VALUES (175,'player175','6280bb198be5fc4fd75283ed1bd2d824','傅雪婷','player175@poster.cn','13800000175',1);
INSERT INTO user_role (user_id,role_id) VALUES (175,3);
INSERT INTO user_role (user_id,role_id) VALUES (175,4);
INSERT INTO user (user_id,username,password,real_name,email,phone,status) VALUES (176,'player176','6280bb198be5fc4fd75283ed1bd2d824','乔玉兰','player176@poster.cn','13800000176',1);
INSERT INTO user_role (user_id,role_id) VALUES (176,3);
INSERT INTO user_role (user_id,role_id) VALUES (176,4);
INSERT INTO team (team_id,team_name,competition_id,category_id,leader_id,team_desc,status,create_time) VALUES (40,'拾色逐梦队',9,18,172,'一支充满创意与激情的设计团队',2,'2026-01-26 10:00:00');
INSERT INTO team_member (team_id,user_id,is_leader,join_time) VALUES (40,172,1,'2026-01-26 10:00:00');
INSERT INTO team_member (team_id,user_id,is_leader,join_time) VALUES (40,173,0,'2026-01-26 10:00:00');
INSERT INTO team_member (team_id,user_id,is_leader,join_time) VALUES (40,174,0,'2026-01-26 10:00:00');
INSERT INTO team_member (team_id,user_id,is_leader,join_time) VALUES (40,175,0,'2026-01-26 10:00:00');
INSERT INTO team_member (team_id,user_id,is_leader,join_time) VALUES (40,176,0,'2026-01-26 10:00:00');

-- 第6届灵感之光海报设计大赛  (1 teams)
INSERT INTO competition (competition_id,year,name,theme,description,submit_deadline,max_team_size,status,creator_id,create_time) VALUES (10,2025,'第6届灵感之光海报设计大赛','乡村振兴——关注乡村发展，用设计的力量为美丽乡村代言','关注乡村发展，用设计的力量为美丽乡村代言','2026-11-15 23:59:59',5,1,1,'2026-07-14 10:00:00');
INSERT INTO competition_category (category_id,competition_id,category_name,category_desc) VALUES (19,10,'平面海报','以平面设计为主的海报作品');
INSERT INTO competition_category (category_id,competition_id,category_name,category_desc) VALUES (20,10,'数字插画','以数字绘画为主的插画作品');
INSERT INTO user (user_id,username,password,real_name,email,phone,status) VALUES (177,'player177','6280bb198be5fc4fd75283ed1bd2d824','韩旭','player177@poster.cn','13800000177',1);
INSERT INTO user_role (user_id,role_id) VALUES (177,3);
INSERT INTO user_role (user_id,role_id) VALUES (177,4);
INSERT INTO user (user_id,username,password,real_name,email,phone,status) VALUES (178,'player178','6280bb198be5fc4fd75283ed1bd2d824','龚波','player178@poster.cn','13800000178',1);
INSERT INTO user_role (user_id,role_id) VALUES (178,3);
INSERT INTO user_role (user_id,role_id) VALUES (178,4);
INSERT INTO user (user_id,username,password,real_name,email,phone,status) VALUES (179,'player179','6280bb198be5fc4fd75283ed1bd2d824','贺欣怡','player179@poster.cn','13800000179',1);
INSERT INTO user_role (user_id,role_id) VALUES (179,3);
INSERT INTO user_role (user_id,role_id) VALUES (179,4);
INSERT INTO team (team_id,team_name,competition_id,category_id,leader_id,team_desc,status,create_time) VALUES (41,'观澜凌云设计局',10,19,177,'一支充满创意与激情的设计团队',2,'2026-02-03 10:00:00');
INSERT INTO team_member (team_id,user_id,is_leader,join_time) VALUES (41,177,1,'2026-02-03 10:00:00');
INSERT INTO team_member (team_id,user_id,is_leader,join_time) VALUES (41,178,0,'2026-02-03 10:00:00');
INSERT INTO team_member (team_id,user_id,is_leader,join_time) VALUES (41,179,0,'2026-02-03 10:00:00');

-- 第6届创意先锋海报设计大赛  (1 teams)
INSERT INTO competition (competition_id,year,name,theme,description,submit_deadline,max_team_size,status,creator_id,create_time) VALUES (11,2025,'第6届创意先锋海报设计大赛','体育精神——弘扬拼搏进取的体育精神，展现竞技之美','弘扬拼搏进取的体育精神，展现竞技之美','2026-10-15 23:59:59',5,1,1,'2026-07-14 10:00:00');
INSERT INTO competition_category (category_id,competition_id,category_name,category_desc) VALUES (21,11,'平面海报','以平面设计为主的海报作品');
INSERT INTO competition_category (category_id,competition_id,category_name,category_desc) VALUES (22,11,'数字插画','以数字绘画为主的插画作品');
INSERT INTO user (user_id,username,password,real_name,email,phone,status) VALUES (180,'player180','6280bb198be5fc4fd75283ed1bd2d824','苏超','player180@poster.cn','13800000180',1);
INSERT INTO user_role (user_id,role_id) VALUES (180,3);
INSERT INTO user_role (user_id,role_id) VALUES (180,4);
INSERT INTO user (user_id,username,password,real_name,email,phone,status) VALUES (181,'player181','6280bb198be5fc4fd75283ed1bd2d824','林宁','player181@poster.cn','13800000181',1);
INSERT INTO user_role (user_id,role_id) VALUES (181,3);
INSERT INTO user_role (user_id,role_id) VALUES (181,4);
INSERT INTO user (user_id,username,password,real_name,email,phone,status) VALUES (182,'player182','6280bb198be5fc4fd75283ed1bd2d824','袁博','player182@poster.cn','13800000182',1);
INSERT INTO user_role (user_id,role_id) VALUES (182,3);
INSERT INTO user_role (user_id,role_id) VALUES (182,4);
INSERT INTO team (team_id,team_name,competition_id,category_id,leader_id,team_desc,status,create_time) VALUES (42,'破晓曙光团',11,22,180,'一支充满创意与激情的设计团队',2,'2026-02-26 10:00:00');
INSERT INTO team_member (team_id,user_id,is_leader,join_time) VALUES (42,180,1,'2026-02-26 10:00:00');
INSERT INTO team_member (team_id,user_id,is_leader,join_time) VALUES (42,181,0,'2026-02-26 10:00:00');
INSERT INTO team_member (team_id,user_id,is_leader,join_time) VALUES (42,182,0,'2026-02-26 10:00:00');

-- 第6届艺术新声海报设计大赛  (1 teams)
INSERT INTO competition (competition_id,year,name,theme,description,submit_deadline,max_team_size,status,creator_id,create_time) VALUES (12,2025,'第6届艺术新声海报设计大赛','一带一路——以丝路文化为背景，展现文明互鉴与美好合作','以丝路文化为背景，展现文明互鉴与美好合作','2026-09-15 23:59:59',5,1,1,'2026-07-14 10:00:00');
INSERT INTO competition_category (category_id,competition_id,category_name,category_desc) VALUES (23,12,'平面海报','以平面设计为主的海报作品');
INSERT INTO competition_category (category_id,competition_id,category_name,category_desc) VALUES (24,12,'数字插画','以数字绘画为主的插画作品');
INSERT INTO user (user_id,username,password,real_name,email,phone,status) VALUES (183,'player183','6280bb198be5fc4fd75283ed1bd2d824','许云飞','player183@poster.cn','13800000183',1);
INSERT INTO user_role (user_id,role_id) VALUES (183,3);
INSERT INTO user_role (user_id,role_id) VALUES (183,4);
INSERT INTO user (user_id,username,password,real_name,email,phone,status) VALUES (184,'player184','6280bb198be5fc4fd75283ed1bd2d824','汤桂英','player184@poster.cn','13800000184',1);
INSERT INTO user_role (user_id,role_id) VALUES (184,3);
INSERT INTO user_role (user_id,role_id) VALUES (184,4);
INSERT INTO user (user_id,username,password,real_name,email,phone,status) VALUES (185,'player185','6280bb198be5fc4fd75283ed1bd2d824','蒋家乐','player185@poster.cn','13800000185',1);
INSERT INTO user_role (user_id,role_id) VALUES (185,3);
INSERT INTO user_role (user_id,role_id) VALUES (185,4);
INSERT INTO team (team_id,team_name,competition_id,category_id,leader_id,team_desc,status,create_time) VALUES (43,'星辰烈焰组',12,23,183,'一支充满创意与激情的设计团队',2,'2026-05-09 10:00:00');
INSERT INTO team_member (team_id,user_id,is_leader,join_time) VALUES (43,183,1,'2026-05-09 10:00:00');
INSERT INTO team_member (team_id,user_id,is_leader,join_time) VALUES (43,184,0,'2026-05-09 10:00:00');
INSERT INTO team_member (team_id,user_id,is_leader,join_time) VALUES (43,185,0,'2026-05-09 10:00:00');

-- 2026梦想绘卷海报设计大赛  (12 teams)
INSERT INTO competition (competition_id,year,name,theme,description,submit_deadline,max_team_size,status,creator_id,create_time) VALUES (13,2026,'2026梦想绘卷海报设计大赛','百年风华——庆祝建党百年，展现时代变迁与辉煌成就','庆祝建党百年，展现时代变迁与辉煌成就','2026-10-15 23:59:59',5,1,1,'2026-07-14 10:00:00');
INSERT INTO competition_category (category_id,competition_id,category_name,category_desc) VALUES (25,13,'平面海报','以平面设计为主的海报作品');
INSERT INTO competition_category (category_id,competition_id,category_name,category_desc) VALUES (26,13,'数字插画','以数字绘画为主的插画作品');
INSERT INTO user (user_id,username,password,real_name,email,phone,status) VALUES (186,'player186','6280bb198be5fc4fd75283ed1bd2d824','贺若曦','player186@poster.cn','13800000186',1);
INSERT INTO user_role (user_id,role_id) VALUES (186,3);
INSERT INTO user_role (user_id,role_id) VALUES (186,4);
INSERT INTO user (user_id,username,password,real_name,email,phone,status) VALUES (187,'player187','6280bb198be5fc4fd75283ed1bd2d824','贾娜','player187@poster.cn','13800000187',1);
INSERT INTO user_role (user_id,role_id) VALUES (187,3);
INSERT INTO user_role (user_id,role_id) VALUES (187,4);
INSERT INTO user (user_id,username,password,real_name,email,phone,status) VALUES (188,'player188','6280bb198be5fc4fd75283ed1bd2d824','郝诗涵','player188@poster.cn','13800000188',1);
INSERT INTO user_role (user_id,role_id) VALUES (188,3);
INSERT INTO user_role (user_id,role_id) VALUES (188,4);
INSERT INTO team (team_id,team_name,competition_id,category_id,leader_id,team_desc,status,create_time) VALUES (44,'极光墨韵组',13,25,186,'一支充满创意与激情的设计团队',2,'2026-01-12 10:00:00');
INSERT INTO team_member (team_id,user_id,is_leader,join_time) VALUES (44,186,1,'2026-01-12 10:00:00');
INSERT INTO team_member (team_id,user_id,is_leader,join_time) VALUES (44,187,0,'2026-01-12 10:00:00');
INSERT INTO team_member (team_id,user_id,is_leader,join_time) VALUES (44,188,0,'2026-01-12 10:00:00');
INSERT INTO user (user_id,username,password,real_name,email,phone,status) VALUES (189,'player189','6280bb198be5fc4fd75283ed1bd2d824','薛秀兰','player189@poster.cn','13800000189',1);
INSERT INTO user_role (user_id,role_id) VALUES (189,3);
INSERT INTO user_role (user_id,role_id) VALUES (189,4);
INSERT INTO user (user_id,username,password,real_name,email,phone,status) VALUES (190,'player190','6280bb198be5fc4fd75283ed1bd2d824','吕思颖','player190@poster.cn','13800000190',1);
INSERT INTO user_role (user_id,role_id) VALUES (190,3);
INSERT INTO user_role (user_id,role_id) VALUES (190,4);
INSERT INTO user (user_id,username,password,real_name,email,phone,status) VALUES (191,'player191','6280bb198be5fc4fd75283ed1bd2d824','钱晨','player191@poster.cn','13800000191',1);
INSERT INTO user_role (user_id,role_id) VALUES (191,3);
INSERT INTO user_role (user_id,role_id) VALUES (191,4);
INSERT INTO team (team_id,team_name,competition_id,category_id,leader_id,team_desc,status,create_time) VALUES (45,'逐梦光影设计局',13,26,189,'一支充满创意与激情的设计团队',2,'2026-03-01 10:00:00');
INSERT INTO team_member (team_id,user_id,is_leader,join_time) VALUES (45,189,1,'2026-03-01 10:00:00');
INSERT INTO team_member (team_id,user_id,is_leader,join_time) VALUES (45,190,0,'2026-03-01 10:00:00');
INSERT INTO team_member (team_id,user_id,is_leader,join_time) VALUES (45,191,0,'2026-03-01 10:00:00');
INSERT INTO user (user_id,username,password,real_name,email,phone,status) VALUES (192,'player192','6280bb198be5fc4fd75283ed1bd2d824','董婷','player192@poster.cn','13800000192',1);
INSERT INTO user_role (user_id,role_id) VALUES (192,3);
INSERT INTO user_role (user_id,role_id) VALUES (192,4);
INSERT INTO user (user_id,username,password,real_name,email,phone,status) VALUES (193,'player193','6280bb198be5fc4fd75283ed1bd2d824','孙思远','player193@poster.cn','13800000193',1);
INSERT INTO user_role (user_id,role_id) VALUES (193,3);
INSERT INTO user_role (user_id,role_id) VALUES (193,4);
INSERT INTO user (user_id,username,password,real_name,email,phone,status) VALUES (194,'player194','6280bb198be5fc4fd75283ed1bd2d824','田磊','player194@poster.cn','13800000194',1);
INSERT INTO user_role (user_id,role_id) VALUES (194,3);
INSERT INTO user_role (user_id,role_id) VALUES (194,4);
INSERT INTO team (team_id,team_name,competition_id,category_id,leader_id,team_desc,status,create_time) VALUES (46,'凌云拾光组',13,25,192,'一支充满创意与激情的设计团队',2,'2026-06-14 10:00:00');
INSERT INTO team_member (team_id,user_id,is_leader,join_time) VALUES (46,192,1,'2026-06-14 10:00:00');
INSERT INTO team_member (team_id,user_id,is_leader,join_time) VALUES (46,193,0,'2026-06-14 10:00:00');
INSERT INTO team_member (team_id,user_id,is_leader,join_time) VALUES (46,194,0,'2026-06-14 10:00:00');
INSERT INTO user (user_id,username,password,real_name,email,phone,status) VALUES (195,'player195','6280bb198be5fc4fd75283ed1bd2d824','邵晓红','player195@poster.cn','13800000195',1);
INSERT INTO user_role (user_id,role_id) VALUES (195,3);
INSERT INTO user_role (user_id,role_id) VALUES (195,4);
INSERT INTO user (user_id,username,password,real_name,email,phone,status) VALUES (196,'player196','6280bb198be5fc4fd75283ed1bd2d824','钱秀兰','player196@poster.cn','13800000196',1);
INSERT INTO user_role (user_id,role_id) VALUES (196,3);
INSERT INTO user_role (user_id,role_id) VALUES (196,4);
INSERT INTO user (user_id,username,password,real_name,email,phone,status) VALUES (197,'player197','6280bb198be5fc4fd75283ed1bd2d824','龚睿','player197@poster.cn','13800000197',1);
INSERT INTO user_role (user_id,role_id) VALUES (197,3);
INSERT INTO user_role (user_id,role_id) VALUES (197,4);
INSERT INTO user (user_id,username,password,real_name,email,phone,status) VALUES (198,'player198','6280bb198be5fc4fd75283ed1bd2d824','石艺琳','player198@poster.cn','13800000198',1);
INSERT INTO user_role (user_id,role_id) VALUES (198,3);
INSERT INTO user_role (user_id,role_id) VALUES (198,4);
INSERT INTO user (user_id,username,password,real_name,email,phone,status) VALUES (199,'player199','6280bb198be5fc4fd75283ed1bd2d824','常雪','player199@poster.cn','13800000199',1);
INSERT INTO user_role (user_id,role_id) VALUES (199,3);
INSERT INTO user_role (user_id,role_id) VALUES (199,4);
INSERT INTO team (team_id,team_name,competition_id,category_id,leader_id,team_desc,status,create_time) VALUES (47,'曙光青橙队',13,26,195,'一支充满创意与激情的设计团队',2,'2026-04-15 10:00:00');
INSERT INTO team_member (team_id,user_id,is_leader,join_time) VALUES (47,195,1,'2026-04-15 10:00:00');
INSERT INTO team_member (team_id,user_id,is_leader,join_time) VALUES (47,196,0,'2026-04-15 10:00:00');
INSERT INTO team_member (team_id,user_id,is_leader,join_time) VALUES (47,197,0,'2026-04-15 10:00:00');
INSERT INTO team_member (team_id,user_id,is_leader,join_time) VALUES (47,198,0,'2026-04-15 10:00:00');
INSERT INTO team_member (team_id,user_id,is_leader,join_time) VALUES (47,199,0,'2026-04-15 10:00:00');
INSERT INTO user (user_id,username,password,real_name,email,phone,status) VALUES (200,'player200','6280bb198be5fc4fd75283ed1bd2d824','徐睿','player200@poster.cn','13800000200',1);
INSERT INTO user_role (user_id,role_id) VALUES (200,3);
INSERT INTO user_role (user_id,role_id) VALUES (200,4);
INSERT INTO user (user_id,username,password,real_name,email,phone,status) VALUES (201,'player201','6280bb198be5fc4fd75283ed1bd2d824','邹宁','player201@poster.cn','13800000201',1);
INSERT INTO user_role (user_id,role_id) VALUES (201,3);
INSERT INTO user_role (user_id,role_id) VALUES (201,4);
INSERT INTO user (user_id,username,password,real_name,email,phone,status) VALUES (202,'player202','6280bb198be5fc4fd75283ed1bd2d824','孔强','player202@poster.cn','13800000202',1);
INSERT INTO user_role (user_id,role_id) VALUES (202,3);
INSERT INTO user_role (user_id,role_id) VALUES (202,4);
INSERT INTO user (user_id,username,password,real_name,email,phone,status) VALUES (203,'player203','6280bb198be5fc4fd75283ed1bd2d824','汤浩然','player203@poster.cn','13800000203',1);
INSERT INTO user_role (user_id,role_id) VALUES (203,3);
INSERT INTO user_role (user_id,role_id) VALUES (203,4);
INSERT INTO user (user_id,username,password,real_name,email,phone,status) VALUES (204,'player204','6280bb198be5fc4fd75283ed1bd2d824','傅晓萌','player204@poster.cn','13800000204',1);
INSERT INTO user_role (user_id,role_id) VALUES (204,3);
INSERT INTO user_role (user_id,role_id) VALUES (204,4);
INSERT INTO team (team_id,team_name,competition_id,category_id,leader_id,team_desc,status,create_time) VALUES (48,'烈焰像素设计局',13,26,200,'一支充满创意与激情的设计团队',2,'2026-01-15 10:00:00');
INSERT INTO team_member (team_id,user_id,is_leader,join_time) VALUES (48,200,1,'2026-01-15 10:00:00');
INSERT INTO team_member (team_id,user_id,is_leader,join_time) VALUES (48,201,0,'2026-01-15 10:00:00');
INSERT INTO team_member (team_id,user_id,is_leader,join_time) VALUES (48,202,0,'2026-01-15 10:00:00');
INSERT INTO team_member (team_id,user_id,is_leader,join_time) VALUES (48,203,0,'2026-01-15 10:00:00');
INSERT INTO team_member (team_id,user_id,is_leader,join_time) VALUES (48,204,0,'2026-01-15 10:00:00');
INSERT INTO user (user_id,username,password,real_name,email,phone,status) VALUES (205,'player205','6280bb198be5fc4fd75283ed1bd2d824','邓俊杰','player205@poster.cn','13800000205',1);
INSERT INTO user_role (user_id,role_id) VALUES (205,3);
INSERT INTO user_role (user_id,role_id) VALUES (205,4);
INSERT INTO user (user_id,username,password,real_name,email,phone,status) VALUES (206,'player206','6280bb198be5fc4fd75283ed1bd2d824','于家乐','player206@poster.cn','13800000206',1);
INSERT INTO user_role (user_id,role_id) VALUES (206,3);
INSERT INTO user_role (user_id,role_id) VALUES (206,4);
INSERT INTO user (user_id,username,password,real_name,email,phone,status) VALUES (207,'player207','6280bb198be5fc4fd75283ed1bd2d824','谢晓红','player207@poster.cn','13800000207',1);
INSERT INTO user_role (user_id,role_id) VALUES (207,3);
INSERT INTO user_role (user_id,role_id) VALUES (207,4);
INSERT INTO user (user_id,username,password,real_name,email,phone,status) VALUES (208,'player208','6280bb198be5fc4fd75283ed1bd2d824','姚文博','player208@poster.cn','13800000208',1);
INSERT INTO user_role (user_id,role_id) VALUES (208,3);
INSERT INTO user_role (user_id,role_id) VALUES (208,4);
INSERT INTO user (user_id,username,password,real_name,email,phone,status) VALUES (209,'player209','6280bb198be5fc4fd75283ed1bd2d824','蔡涛','player209@poster.cn','13800000209',1);
INSERT INTO user_role (user_id,role_id) VALUES (209,3);
INSERT INTO user_role (user_id,role_id) VALUES (209,4);
INSERT INTO team (team_id,team_name,competition_id,category_id,leader_id,team_desc,status,create_time) VALUES (49,'墨韵创视队',13,26,205,'一支充满创意与激情的设计团队',2,'2026-06-26 10:00:00');
INSERT INTO team_member (team_id,user_id,is_leader,join_time) VALUES (49,205,1,'2026-06-26 10:00:00');
INSERT INTO team_member (team_id,user_id,is_leader,join_time) VALUES (49,206,0,'2026-06-26 10:00:00');
INSERT INTO team_member (team_id,user_id,is_leader,join_time) VALUES (49,207,0,'2026-06-26 10:00:00');
INSERT INTO team_member (team_id,user_id,is_leader,join_time) VALUES (49,208,0,'2026-06-26 10:00:00');
INSERT INTO team_member (team_id,user_id,is_leader,join_time) VALUES (49,209,0,'2026-06-26 10:00:00');
INSERT INTO user (user_id,username,password,real_name,email,phone,status) VALUES (210,'player210','6280bb198be5fc4fd75283ed1bd2d824','万敏','player210@poster.cn','13800000210',1);
INSERT INTO user_role (user_id,role_id) VALUES (210,3);
INSERT INTO user_role (user_id,role_id) VALUES (210,4);
INSERT INTO user (user_id,username,password,real_name,email,phone,status) VALUES (211,'player211','6280bb198be5fc4fd75283ed1bd2d824','白雅静','player211@poster.cn','13800000211',1);
INSERT INTO user_role (user_id,role_id) VALUES (211,3);
INSERT INTO user_role (user_id,role_id) VALUES (211,4);
INSERT INTO user (user_id,username,password,real_name,email,phone,status) VALUES (212,'player212','6280bb198be5fc4fd75283ed1bd2d824','曹美玲','player212@poster.cn','13800000212',1);
INSERT INTO user_role (user_id,role_id) VALUES (212,3);
INSERT INTO user_role (user_id,role_id) VALUES (212,4);
INSERT INTO user (user_id,username,password,real_name,email,phone,status) VALUES (213,'player213','6280bb198be5fc4fd75283ed1bd2d824','傅秀英','player213@poster.cn','13800000213',1);
INSERT INTO user_role (user_id,role_id) VALUES (213,3);
INSERT INTO user_role (user_id,role_id) VALUES (213,4);
INSERT INTO user (user_id,username,password,real_name,email,phone,status) VALUES (214,'player214','6280bb198be5fc4fd75283ed1bd2d824','曹宇','player214@poster.cn','13800000214',1);
INSERT INTO user_role (user_id,role_id) VALUES (214,3);
INSERT INTO user_role (user_id,role_id) VALUES (214,4);
INSERT INTO team (team_id,team_name,competition_id,category_id,leader_id,team_desc,status,create_time) VALUES (50,'光影视界设计局',13,26,210,'一支充满创意与激情的设计团队',2,'2026-03-15 10:00:00');
INSERT INTO team_member (team_id,user_id,is_leader,join_time) VALUES (50,210,1,'2026-03-15 10:00:00');
INSERT INTO team_member (team_id,user_id,is_leader,join_time) VALUES (50,211,0,'2026-03-15 10:00:00');
INSERT INTO team_member (team_id,user_id,is_leader,join_time) VALUES (50,212,0,'2026-03-15 10:00:00');
INSERT INTO team_member (team_id,user_id,is_leader,join_time) VALUES (50,213,0,'2026-03-15 10:00:00');
INSERT INTO team_member (team_id,user_id,is_leader,join_time) VALUES (50,214,0,'2026-03-15 10:00:00');
INSERT INTO user (user_id,username,password,real_name,email,phone,status) VALUES (215,'player215','6280bb198be5fc4fd75283ed1bd2d824','许文博','player215@poster.cn','13800000215',1);
INSERT INTO user_role (user_id,role_id) VALUES (215,3);
INSERT INTO user_role (user_id,role_id) VALUES (215,4);
INSERT INTO user (user_id,username,password,real_name,email,phone,status) VALUES (216,'player216','6280bb198be5fc4fd75283ed1bd2d824','钟雪婷','player216@poster.cn','13800000216',1);
INSERT INTO user_role (user_id,role_id) VALUES (216,3);
INSERT INTO user_role (user_id,role_id) VALUES (216,4);
INSERT INTO user (user_id,username,password,real_name,email,phone,status) VALUES (217,'player217','6280bb198be5fc4fd75283ed1bd2d824','方美玲','player217@poster.cn','13800000217',1);
INSERT INTO user_role (user_id,role_id) VALUES (217,3);
INSERT INTO user_role (user_id,role_id) VALUES (217,4);
INSERT INTO team (team_id,team_name,competition_id,category_id,leader_id,team_desc,status,create_time) VALUES (51,'拾光绘梦队',13,26,215,'一支充满创意与激情的设计团队',2,'2026-04-28 10:00:00');
INSERT INTO team_member (team_id,user_id,is_leader,join_time) VALUES (51,215,1,'2026-04-28 10:00:00');
INSERT INTO team_member (team_id,user_id,is_leader,join_time) VALUES (51,216,0,'2026-04-28 10:00:00');
INSERT INTO team_member (team_id,user_id,is_leader,join_time) VALUES (51,217,0,'2026-04-28 10:00:00');
INSERT INTO user (user_id,username,password,real_name,email,phone,status) VALUES (218,'player218','6280bb198be5fc4fd75283ed1bd2d824','江欣怡','player218@poster.cn','13800000218',1);
INSERT INTO user_role (user_id,role_id) VALUES (218,3);
INSERT INTO user_role (user_id,role_id) VALUES (218,4);
INSERT INTO user (user_id,username,password,real_name,email,phone,status) VALUES (219,'player219','6280bb198be5fc4fd75283ed1bd2d824','孟子涵','player219@poster.cn','13800000219',1);
INSERT INTO user_role (user_id,role_id) VALUES (219,3);
INSERT INTO user_role (user_id,role_id) VALUES (219,4);
INSERT INTO user (user_id,username,password,real_name,email,phone,status) VALUES (220,'player220','6280bb198be5fc4fd75283ed1bd2d824','武梦瑶','player220@poster.cn','13800000220',1);
INSERT INTO user_role (user_id,role_id) VALUES (220,3);
INSERT INTO user_role (user_id,role_id) VALUES (220,4);
INSERT INTO user (user_id,username,password,real_name,email,phone,status) VALUES (221,'player221','6280bb198be5fc4fd75283ed1bd2d824','钟峰','player221@poster.cn','13800000221',1);
INSERT INTO user_role (user_id,role_id) VALUES (221,3);
INSERT INTO user_role (user_id,role_id) VALUES (221,4);
INSERT INTO user (user_id,username,password,real_name,email,phone,status) VALUES (222,'player222','6280bb198be5fc4fd75283ed1bd2d824','尹辉','player222@poster.cn','13800000222',1);
INSERT INTO user_role (user_id,role_id) VALUES (222,3);
INSERT INTO user_role (user_id,role_id) VALUES (222,4);
INSERT INTO team (team_id,team_name,competition_id,category_id,leader_id,team_desc,status,create_time) VALUES (52,'青橙笔尖队',13,25,218,'一支充满创意与激情的设计团队',2,'2026-04-23 10:00:00');
INSERT INTO team_member (team_id,user_id,is_leader,join_time) VALUES (52,218,1,'2026-04-23 10:00:00');
INSERT INTO team_member (team_id,user_id,is_leader,join_time) VALUES (52,219,0,'2026-04-23 10:00:00');
INSERT INTO team_member (team_id,user_id,is_leader,join_time) VALUES (52,220,0,'2026-04-23 10:00:00');
INSERT INTO team_member (team_id,user_id,is_leader,join_time) VALUES (52,221,0,'2026-04-23 10:00:00');
INSERT INTO team_member (team_id,user_id,is_leader,join_time) VALUES (52,222,0,'2026-04-23 10:00:00');
INSERT INTO user (user_id,username,password,real_name,email,phone,status) VALUES (223,'player223','6280bb198be5fc4fd75283ed1bd2d824','侯桂英','player223@poster.cn','13800000223',1);
INSERT INTO user_role (user_id,role_id) VALUES (223,3);
INSERT INTO user_role (user_id,role_id) VALUES (223,4);
INSERT INTO user (user_id,username,password,real_name,email,phone,status) VALUES (224,'player224','6280bb198be5fc4fd75283ed1bd2d824','钟景辉','player224@poster.cn','13800000224',1);
INSERT INTO user_role (user_id,role_id) VALUES (224,3);
INSERT INTO user_role (user_id,role_id) VALUES (224,4);
INSERT INTO user (user_id,username,password,real_name,email,phone,status) VALUES (225,'player225','6280bb198be5fc4fd75283ed1bd2d824','石洋','player225@poster.cn','13800000225',1);
INSERT INTO user_role (user_id,role_id) VALUES (225,3);
INSERT INTO user_role (user_id,role_id) VALUES (225,4);
INSERT INTO team (team_id,team_name,competition_id,category_id,leader_id,team_desc,status,create_time) VALUES (53,'像素灵感队',13,26,223,'一支充满创意与激情的设计团队',2,'2026-03-20 10:00:00');
INSERT INTO team_member (team_id,user_id,is_leader,join_time) VALUES (53,223,1,'2026-03-20 10:00:00');
INSERT INTO team_member (team_id,user_id,is_leader,join_time) VALUES (53,224,0,'2026-03-20 10:00:00');
INSERT INTO team_member (team_id,user_id,is_leader,join_time) VALUES (53,225,0,'2026-03-20 10:00:00');
INSERT INTO user (user_id,username,password,real_name,email,phone,status) VALUES (226,'player226','6280bb198be5fc4fd75283ed1bd2d824','李琳','player226@poster.cn','13800000226',1);
INSERT INTO user_role (user_id,role_id) VALUES (226,3);
INSERT INTO user_role (user_id,role_id) VALUES (226,4);
INSERT INTO user (user_id,username,password,real_name,email,phone,status) VALUES (227,'player227','6280bb198be5fc4fd75283ed1bd2d824','邵俊杰','player227@poster.cn','13800000227',1);
INSERT INTO user_role (user_id,role_id) VALUES (227,3);
INSERT INTO user_role (user_id,role_id) VALUES (227,4);
INSERT INTO user (user_id,username,password,real_name,email,phone,status) VALUES (228,'player228','6280bb198be5fc4fd75283ed1bd2d824','周海燕','player228@poster.cn','13800000228',1);
INSERT INTO user_role (user_id,role_id) VALUES (228,3);
INSERT INTO user_role (user_id,role_id) VALUES (228,4);
INSERT INTO team (team_id,team_name,competition_id,category_id,leader_id,team_desc,status,create_time) VALUES (54,'创视火花团',13,25,226,'一支充满创意与激情的设计团队',2,'2026-05-21 10:00:00');
INSERT INTO team_member (team_id,user_id,is_leader,join_time) VALUES (54,226,1,'2026-05-21 10:00:00');
INSERT INTO team_member (team_id,user_id,is_leader,join_time) VALUES (54,227,0,'2026-05-21 10:00:00');
INSERT INTO team_member (team_id,user_id,is_leader,join_time) VALUES (54,228,0,'2026-05-21 10:00:00');
INSERT INTO user (user_id,username,password,real_name,email,phone,status) VALUES (229,'player229','6280bb198be5fc4fd75283ed1bd2d824','龙芳','player229@poster.cn','13800000229',1);
INSERT INTO user_role (user_id,role_id) VALUES (229,3);
INSERT INTO user_role (user_id,role_id) VALUES (229,4);
INSERT INTO user (user_id,username,password,real_name,email,phone,status) VALUES (230,'player230','6280bb198be5fc4fd75283ed1bd2d824','金娜','player230@poster.cn','13800000230',1);
INSERT INTO user_role (user_id,role_id) VALUES (230,3);
INSERT INTO user_role (user_id,role_id) VALUES (230,4);
INSERT INTO user (user_id,username,password,real_name,email,phone,status) VALUES (231,'player231','6280bb198be5fc4fd75283ed1bd2d824','杨嘉禾','player231@poster.cn','13800000231',1);
INSERT INTO user_role (user_id,role_id) VALUES (231,3);
INSERT INTO user_role (user_id,role_id) VALUES (231,4);
INSERT INTO user (user_id,username,password,real_name,email,phone,status) VALUES (232,'player232','6280bb198be5fc4fd75283ed1bd2d824','林语嫣','player232@poster.cn','13800000232',1);
INSERT INTO user_role (user_id,role_id) VALUES (232,3);
INSERT INTO user_role (user_id,role_id) VALUES (232,4);
INSERT INTO user (user_id,username,password,real_name,email,phone,status) VALUES (233,'player233','6280bb198be5fc4fd75283ed1bd2d824','雷晓萌','player233@poster.cn','13800000233',1);
INSERT INTO user_role (user_id,role_id) VALUES (233,3);
INSERT INTO user_role (user_id,role_id) VALUES (233,4);
INSERT INTO team (team_id,team_name,competition_id,category_id,leader_id,team_desc,status,create_time) VALUES (55,'视界锋芒团',13,26,229,'一支充满创意与激情的设计团队',2,'2026-04-20 10:00:00');
INSERT INTO team_member (team_id,user_id,is_leader,join_time) VALUES (55,229,1,'2026-04-20 10:00:00');
INSERT INTO team_member (team_id,user_id,is_leader,join_time) VALUES (55,230,0,'2026-04-20 10:00:00');
INSERT INTO team_member (team_id,user_id,is_leader,join_time) VALUES (55,231,0,'2026-04-20 10:00:00');
INSERT INTO team_member (team_id,user_id,is_leader,join_time) VALUES (55,232,0,'2026-04-20 10:00:00');
INSERT INTO team_member (team_id,user_id,is_leader,join_time) VALUES (55,233,0,'2026-04-20 10:00:00');

-- 2026视界无边海报设计大赛  (1 teams)
INSERT INTO competition (competition_id,year,name,theme,description,submit_deadline,max_team_size,status,creator_id,create_time) VALUES (14,2026,'2026视界无边海报设计大赛','反诈先锋——以校园反诈为主题，提升大学生安全防范意识','以校园反诈为主题，提升大学生安全防范意识','2026-11-15 23:59:59',5,1,1,'2026-07-14 10:00:00');
INSERT INTO competition_category (category_id,competition_id,category_name,category_desc) VALUES (27,14,'平面海报','以平面设计为主的海报作品');
INSERT INTO competition_category (category_id,competition_id,category_name,category_desc) VALUES (28,14,'数字插画','以数字绘画为主的插画作品');
INSERT INTO user (user_id,username,password,real_name,email,phone,status) VALUES (234,'player234','6280bb198be5fc4fd75283ed1bd2d824','朱逸飞','player234@poster.cn','13800000234',1);
INSERT INTO user_role (user_id,role_id) VALUES (234,3);
INSERT INTO user_role (user_id,role_id) VALUES (234,4);
INSERT INTO user (user_id,username,password,real_name,email,phone,status) VALUES (235,'player235','6280bb198be5fc4fd75283ed1bd2d824','钱晨','player235@poster.cn','13800000235',1);
INSERT INTO user_role (user_id,role_id) VALUES (235,3);
INSERT INTO user_role (user_id,role_id) VALUES (235,4);
INSERT INTO user (user_id,username,password,real_name,email,phone,status) VALUES (236,'player236','6280bb198be5fc4fd75283ed1bd2d824','吴雪婷','player236@poster.cn','13800000236',1);
INSERT INTO user_role (user_id,role_id) VALUES (236,3);
INSERT INTO user_role (user_id,role_id) VALUES (236,4);
INSERT INTO user (user_id,username,password,real_name,email,phone,status) VALUES (237,'player237','6280bb198be5fc4fd75283ed1bd2d824','余龙','player237@poster.cn','13800000237',1);
INSERT INTO user_role (user_id,role_id) VALUES (237,3);
INSERT INTO user_role (user_id,role_id) VALUES (237,4);
INSERT INTO user (user_id,username,password,real_name,email,phone,status) VALUES (238,'player238','6280bb198be5fc4fd75283ed1bd2d824','崔敏','player238@poster.cn','13800000238',1);
INSERT INTO user_role (user_id,role_id) VALUES (238,3);
INSERT INTO user_role (user_id,role_id) VALUES (238,4);
INSERT INTO team (team_id,team_name,competition_id,category_id,leader_id,team_desc,status,create_time) VALUES (56,'绘梦匠心工作室',14,27,234,'一支充满创意与激情的设计团队',2,'2026-01-26 10:00:00');
INSERT INTO team_member (team_id,user_id,is_leader,join_time) VALUES (56,234,1,'2026-01-26 10:00:00');
INSERT INTO team_member (team_id,user_id,is_leader,join_time) VALUES (56,235,0,'2026-01-26 10:00:00');
INSERT INTO team_member (team_id,user_id,is_leader,join_time) VALUES (56,236,0,'2026-01-26 10:00:00');
INSERT INTO team_member (team_id,user_id,is_leader,join_time) VALUES (56,237,0,'2026-01-26 10:00:00');
INSERT INTO team_member (team_id,user_id,is_leader,join_time) VALUES (56,238,0,'2026-01-26 10:00:00');

-- 2026设计浪潮海报设计大赛  (1 teams)
INSERT INTO competition (competition_id,year,name,theme,description,submit_deadline,max_team_size,status,creator_id,create_time) VALUES (15,2026,'2026设计浪潮海报设计大赛','心理健康——关注大学生心理健康，传递积极向上','关注大学生心理健康，传递积极向上','2026-09-15 23:59:59',5,1,1,'2026-07-14 10:00:00');
INSERT INTO competition_category (category_id,competition_id,category_name,category_desc) VALUES (29,15,'平面海报','以平面设计为主的海报作品');
INSERT INTO competition_category (category_id,competition_id,category_name,category_desc) VALUES (30,15,'数字插画','以数字绘画为主的插画作品');
INSERT INTO user (user_id,username,password,real_name,email,phone,status) VALUES (239,'player239','6280bb198be5fc4fd75283ed1bd2d824','刘云飞','player239@poster.cn','13800000239',1);
INSERT INTO user_role (user_id,role_id) VALUES (239,3);
INSERT INTO user_role (user_id,role_id) VALUES (239,4);
INSERT INTO user (user_id,username,password,real_name,email,phone,status) VALUES (240,'player240','6280bb198be5fc4fd75283ed1bd2d824','朱思颖','player240@poster.cn','13800000240',1);
INSERT INTO user_role (user_id,role_id) VALUES (240,3);
INSERT INTO user_role (user_id,role_id) VALUES (240,4);
INSERT INTO user (user_id,username,password,real_name,email,phone,status) VALUES (241,'player241','6280bb198be5fc4fd75283ed1bd2d824','梁云飞','player241@poster.cn','13800000241',1);
INSERT INTO user_role (user_id,role_id) VALUES (241,3);
INSERT INTO user_role (user_id,role_id) VALUES (241,4);
INSERT INTO user (user_id,username,password,real_name,email,phone,status) VALUES (242,'player242','6280bb198be5fc4fd75283ed1bd2d824','秦亮','player242@poster.cn','13800000242',1);
INSERT INTO user_role (user_id,role_id) VALUES (242,3);
INSERT INTO user_role (user_id,role_id) VALUES (242,4);
INSERT INTO user (user_id,username,password,real_name,email,phone,status) VALUES (243,'player243','6280bb198be5fc4fd75283ed1bd2d824','宋雨萱','player243@poster.cn','13800000243',1);
INSERT INTO user_role (user_id,role_id) VALUES (243,3);
INSERT INTO user_role (user_id,role_id) VALUES (243,4);
INSERT INTO team (team_id,team_name,competition_id,category_id,leader_id,team_desc,status,create_time) VALUES (57,'笔尖远航设计局',15,30,239,'一支充满创意与激情的设计团队',2,'2026-06-28 10:00:00');
INSERT INTO team_member (team_id,user_id,is_leader,join_time) VALUES (57,239,1,'2026-06-28 10:00:00');
INSERT INTO team_member (team_id,user_id,is_leader,join_time) VALUES (57,240,0,'2026-06-28 10:00:00');
INSERT INTO team_member (team_id,user_id,is_leader,join_time) VALUES (57,241,0,'2026-06-28 10:00:00');
INSERT INTO team_member (team_id,user_id,is_leader,join_time) VALUES (57,242,0,'2026-06-28 10:00:00');
INSERT INTO team_member (team_id,user_id,is_leader,join_time) VALUES (57,243,0,'2026-06-28 10:00:00');

-- 2026青春画卷海报设计大赛  (1 teams)
INSERT INTO competition (competition_id,year,name,theme,description,submit_deadline,max_team_size,status,creator_id,create_time) VALUES (16,2026,'2026青春画卷海报设计大赛','数字生活——展现数字经济时代大学生的新生活方式','展现数字经济时代大学生的新生活方式','2026-10-15 23:59:59',5,1,1,'2026-07-14 10:00:00');
INSERT INTO competition_category (category_id,competition_id,category_name,category_desc) VALUES (31,16,'平面海报','以平面设计为主的海报作品');
INSERT INTO competition_category (category_id,competition_id,category_name,category_desc) VALUES (32,16,'数字插画','以数字绘画为主的插画作品');
INSERT INTO user (user_id,username,password,real_name,email,phone,status) VALUES (244,'player244','6280bb198be5fc4fd75283ed1bd2d824','文芳','player244@poster.cn','13800000244',1);
INSERT INTO user_role (user_id,role_id) VALUES (244,3);
INSERT INTO user_role (user_id,role_id) VALUES (244,4);
INSERT INTO user (user_id,username,password,real_name,email,phone,status) VALUES (245,'player245','6280bb198be5fc4fd75283ed1bd2d824','姜铭','player245@poster.cn','13800000245',1);
INSERT INTO user_role (user_id,role_id) VALUES (245,3);
INSERT INTO user_role (user_id,role_id) VALUES (245,4);
INSERT INTO user (user_id,username,password,real_name,email,phone,status) VALUES (246,'player246','6280bb198be5fc4fd75283ed1bd2d824','白旭','player246@poster.cn','13800000246',1);
INSERT INTO user_role (user_id,role_id) VALUES (246,3);
INSERT INTO user_role (user_id,role_id) VALUES (246,4);
INSERT INTO team (team_id,team_name,competition_id,category_id,leader_id,team_desc,status,create_time) VALUES (58,'灵感锐意工作室',16,31,244,'一支充满创意与激情的设计团队',2,'2026-03-27 10:00:00');
INSERT INTO team_member (team_id,user_id,is_leader,join_time) VALUES (58,244,1,'2026-03-27 10:00:00');
INSERT INTO team_member (team_id,user_id,is_leader,join_time) VALUES (58,245,0,'2026-03-27 10:00:00');
INSERT INTO team_member (team_id,user_id,is_leader,join_time) VALUES (58,246,0,'2026-03-27 10:00:00');

-- 2026创意集市海报设计大赛  (1 teams)
INSERT INTO competition (competition_id,year,name,theme,description,submit_deadline,max_team_size,status,creator_id,create_time) VALUES (17,2026,'2026创意集市海报设计大赛','海洋保护——关注海洋生态保护，唤醒公众环保意识','关注海洋生态保护，唤醒公众环保意识','2026-12-15 23:59:59',5,1,1,'2026-07-14 10:00:00');
INSERT INTO competition_category (category_id,competition_id,category_name,category_desc) VALUES (33,17,'平面海报','以平面设计为主的海报作品');
INSERT INTO competition_category (category_id,competition_id,category_name,category_desc) VALUES (34,17,'数字插画','以数字绘画为主的插画作品');
INSERT INTO user (user_id,username,password,real_name,email,phone,status) VALUES (247,'player247','6280bb198be5fc4fd75283ed1bd2d824','范亮','player247@poster.cn','13800000247',1);
INSERT INTO user_role (user_id,role_id) VALUES (247,3);
INSERT INTO user_role (user_id,role_id) VALUES (247,4);
INSERT INTO user (user_id,username,password,real_name,email,phone,status) VALUES (248,'player248','6280bb198be5fc4fd75283ed1bd2d824','程平','player248@poster.cn','13800000248',1);
INSERT INTO user_role (user_id,role_id) VALUES (248,3);
INSERT INTO user_role (user_id,role_id) VALUES (248,4);
INSERT INTO user (user_id,username,password,real_name,email,phone,status) VALUES (249,'player249','6280bb198be5fc4fd75283ed1bd2d824','张辉','player249@poster.cn','13800000249',1);
INSERT INTO user_role (user_id,role_id) VALUES (249,3);
INSERT INTO user_role (user_id,role_id) VALUES (249,4);
INSERT INTO user (user_id,username,password,real_name,email,phone,status) VALUES (250,'player250','6280bb198be5fc4fd75283ed1bd2d824','曹龙','player250@poster.cn','13800000250',1);
INSERT INTO user_role (user_id,role_id) VALUES (250,3);
INSERT INTO user_role (user_id,role_id) VALUES (250,4);
INSERT INTO user (user_id,username,password,real_name,email,phone,status) VALUES (251,'player251','6280bb198be5fc4fd75283ed1bd2d824','赖涛','player251@poster.cn','13800000251',1);
INSERT INTO user_role (user_id,role_id) VALUES (251,3);
INSERT INTO user_role (user_id,role_id) VALUES (251,4);
INSERT INTO team (team_id,team_name,competition_id,category_id,leader_id,team_desc,status,create_time) VALUES (59,'火花先锋队',17,33,247,'一支充满创意与激情的设计团队',2,'2026-03-14 10:00:00');
INSERT INTO team_member (team_id,user_id,is_leader,join_time) VALUES (59,247,1,'2026-03-14 10:00:00');
INSERT INTO team_member (team_id,user_id,is_leader,join_time) VALUES (59,248,0,'2026-03-14 10:00:00');
INSERT INTO team_member (team_id,user_id,is_leader,join_time) VALUES (59,249,0,'2026-03-14 10:00:00');
INSERT INTO team_member (team_id,user_id,is_leader,join_time) VALUES (59,250,0,'2026-03-14 10:00:00');
INSERT INTO team_member (team_id,user_id,is_leader,join_time) VALUES (59,251,0,'2026-03-14 10:00:00');

-- 2026美学之约海报设计大赛  (1 teams)
INSERT INTO competition (competition_id,year,name,theme,description,submit_deadline,max_team_size,status,creator_id,create_time) VALUES (18,2026,'2026美学之约海报设计大赛','志愿同行——以志愿服务为主题，弘扬奉献友爱互助进步精神','以志愿服务为主题，弘扬奉献友爱互助进步精神','2026-11-15 23:59:59',5,1,1,'2026-07-14 10:00:00');
INSERT INTO competition_category (category_id,competition_id,category_name,category_desc) VALUES (35,18,'平面海报','以平面设计为主的海报作品');
INSERT INTO competition_category (category_id,competition_id,category_name,category_desc) VALUES (36,18,'数字插画','以数字绘画为主的插画作品');
INSERT INTO user (user_id,username,password,real_name,email,phone,status) VALUES (252,'player252','6280bb198be5fc4fd75283ed1bd2d824','孟勇','player252@poster.cn','13800000252',1);
INSERT INTO user_role (user_id,role_id) VALUES (252,3);
INSERT INTO user_role (user_id,role_id) VALUES (252,4);
INSERT INTO user (user_id,username,password,real_name,email,phone,status) VALUES (253,'player253','6280bb198be5fc4fd75283ed1bd2d824','董鹏','player253@poster.cn','13800000253',1);
INSERT INTO user_role (user_id,role_id) VALUES (253,3);
INSERT INTO user_role (user_id,role_id) VALUES (253,4);
INSERT INTO user (user_id,username,password,real_name,email,phone,status) VALUES (254,'player254','6280bb198be5fc4fd75283ed1bd2d824','赵嘉禾','player254@poster.cn','13800000254',1);
INSERT INTO user_role (user_id,role_id) VALUES (254,3);
INSERT INTO user_role (user_id,role_id) VALUES (254,4);
INSERT INTO user (user_id,username,password,real_name,email,phone,status) VALUES (255,'player255','6280bb198be5fc4fd75283ed1bd2d824','贺雨桐','player255@poster.cn','13800000255',1);
INSERT INTO user_role (user_id,role_id) VALUES (255,3);
INSERT INTO user_role (user_id,role_id) VALUES (255,4);
INSERT INTO team (team_id,team_name,competition_id,category_id,leader_id,team_desc,status,create_time) VALUES (60,'锋芒启明组',18,36,252,'一支充满创意与激情的设计团队',2,'2026-06-16 10:00:00');
INSERT INTO team_member (team_id,user_id,is_leader,join_time) VALUES (60,252,1,'2026-06-16 10:00:00');
INSERT INTO team_member (team_id,user_id,is_leader,join_time) VALUES (60,253,0,'2026-06-16 10:00:00');
INSERT INTO team_member (team_id,user_id,is_leader,join_time) VALUES (60,254,0,'2026-06-16 10:00:00');
INSERT INTO team_member (team_id,user_id,is_leader,join_time) VALUES (60,255,0,'2026-06-16 10:00:00');

-- Works, scores, comments, awards: submitted manually via the app.
